Rk,Player,Nation,Pos,Squad,Age,Born,Playing_Time_MP,Playing_Time_Starts,Playing_Time_Min,Playing_Time_90s,Performance_Gls,Performance_Ast,Performance_G+A,Performance_G_PK,Performance_PK,Performance_PKatt,Performance_CrdY,Performance_CrdR,Expected_xG,Expected_npxG,Expected_xAG,Expected_npxG+xAG,Progression_PrgC,Progression_PrgP,Progression_PrgR,Per_90_Minutes_Gls,Per_90_Minutes_Ast,Per_90_Minutes_G+A,Per_90_Minutes_G_PK,Per_90_Minutes_G+A_PK,Per_90_Minutes_xG,Per_90_Minutes_xAG,Per_90_Minutes_xG+xAG,Per_90_Minutes_npxG,Per_90_Minutes_npxG+xAG,Matches
1,Max Aarons,eng ENG,DF,Bournemouth,25-132,2000,3,1,86,1.0,0,0,0,0,0,0,0,0,0.0,0.0,0.0,0.0,1,8,3,0.00,0.00,0.00,0.00,0.00,0.00,0.00,0.00,0.00,0.00,Matches
2,Joshua Acheampong,eng ENG,DF,Chelsea,19-011,2006,4,2,170,1.9,0,0,0,0,0,0,1,0,0.2,0.2,0.0,0.2,0,8,0,0.00,0.00,0.00,0.00,0.00,0.12,0.00,0.12,0.12,0.12,Matches
3,Tyler Adams,us USA,MF,Bournemouth,26-091,1999,26,19,1785,19.8,0,3,3,0,0,0,7,0,1.6,1.6,1.0,2.5,13,69,9,0.00,0.15,0.15,0.00,0.15,0.08,0.05,0.13,0.08,0.13,Matches
4,Tosin Adarabioyo,eng ENG,DF,Chelsea,27-234,1997,20,13,1229,13.7,1,1,2,1,0,0,3,0,0.9,0.9,0.2,1.1,5,37,1,0.07,0.07,0.15,0.07,0.15,0.07,0.02,0.08,0.07,0.08,Matches
5,Simon Adingra,ci CIV,"FW,MF",Brighton,23-135,2002,27,10,988,11.0,2,2,4,2,0,0,0,0,2.2,2.2,2.3,4.6,41,15,120,0.18,0.18,0.36,0.18,0.36,0.20,0.21,0.42,0.20,0.42,Matches
6,Emmanuel Agbadou,ci CIV,DF,Wolves,27-333,1997,14,14,1230,13.7,0,0,0,0,0,0,2,0,0.3,0.3,0.2,0.5,3,24,2,0.00,0.00,0.00,0.00,0.00,0.02,0.02,0.04,0.02,0.04,Matches
7,Asher Agbinone,eng ENG,MF,Crystal Palace,19-230,2005,2,0,6,0.1,0,0,0,0,0,0,0,0,0.0,0.0,0.0,0.1,2,0,1,0.00,0.00,0.00,0.00,0.00,0.29,0.50,0.79,0.29,0.79,Matches
8,Ola Aina,ng NGA,DF,Nott'ham Forest,28-220,1996,33,33,2823,31.4,2,1,3,2,0,0,4,0,0.6,0.6,1.1,1.8,63,103,59,0.06,0.03,0.10,0.06,0.10,0.02,0.04,0.06,0.02,0.06,Matches
9,Rayan Aït-Nouri,dz ALG,DF,Wolves,23-344,2001,35,35,2955,32.8,4,7,11,4,0,0,7,1,2.6,2.6,5.0,7.6,86,104,163,0.12,0.21,0.34,0.12,0.34,0.08,0.15,0.23,0.08,0.23,Matches
10,Kristoffer Ajer,no NOR,DF,Brentford,27-029,1998,22,17,1405,15.6,0,0,0,0,0,0,5,0,0.8,0.8,1.2,2.1,27,54,42,0.00,0.00,0.00,0.00,0.00,0.05,0.08,0.13,0.05,0.13,Matches
11,Manuel Akanji,ch SUI,DF,Manchester City,29-301,1995,24,21,1834,20.4,0,0,0,0,0,0,3,0,1.1,1.1,0.4,1.5,41,150,6,0.00,0.00,0.00,0.00,0.00,0.06,0.02,0.08,0.06,0.08,Matches
12,Nathan Aké,nl NED,DF,Manchester City,30-087,1995,10,8,678,7.5,0,0,0,0,0,0,0,0,0.2,0.2,0.0,0.2,12,50,2,0.00,0.00,0.00,0.00,0.00,0.03,0.00,0.03,0.03,0.03,Matches
13,Carlos Alcaraz,ar ARG,MF,Southampton,22-167,2002,1,0,10,0.1,0,0,0,0,0,0,0,0,0.1,0.1,0.1,0.2,4,6,1,0.00,0.00,0.00,0.00,0.00,0.62,0.86,1.48,0.62,1.48,Matches
14,Carlos Alcaraz,ar ARG,"FW,MF",Everton,22-167,2002,13,6,663,7.4,1,3,4,1,0,0,4,0,1.4,1.4,1.6,3.1,16,40,20,0.14,0.41,0.54,0.14,0.54,0.20,0.22,0.42,0.20,0.42,Matches
15,Trent Alexander-Arnold,eng ENG,DF,Liverpool,26-221,1998,32,28,2320,25.8,3,6,9,3,0,0,5,0,1.9,1.9,6.7,8.6,50,228,90,0.12,0.23,0.35,0.12,0.35,0.07,0.26,0.33,0.07,0.33,Matches
16,Alisson,br BRA,GK,Liverpool,32-226,1992,26,26,2328,25.9,0,0,0,0,0,0,0,0,0.0,0.0,0.6,0.6,0,1,0,0.00,0.00,0.00,0.00,0.00,0.00,0.02,0.02,0.00,0.02,Matches
17,Miguel Almirón,py PAR,FW,Newcastle Utd,31-095,1994,9,1,157,1.7,0,0,0,0,0,0,0,0,0.5,0.5,0.3,0.8,3,6,18,0.00,0.00,0.00,0.00,0.00,0.30,0.15,0.45,0.30,0.45,Matches
18,Edson Álvarez,mx MEX,MF,West Ham,27-204,1997,26,19,1660,18.4,0,1,1,0,0,0,8,1,0.3,0.3,0.8,1.1,22,76,18,0.00,0.05,0.05,0.00,0.05,0.02,0.04,0.06,0.02,0.06,Matches
19,Will Alves,eng ENG,FW,Leicester City,20-102,2005,1,0,1,0.0,0,0,0,0,0,0,0,0,0.0,0.0,0.0,0.0,0,0,1,0.00,0.00,0.00,0.00,0.00,0.00,0.00,0.00,0.00,0.00,Matches
20,Harry Amass,eng ENG,DF,Manchester Utd,18-061,2007,5,4,346,3.8,0,0,0,0,0,0,0,0,0.1,0.1,0.0,0.1,9,7,23,0.00,0.00,0.00,0.00,0.00,0.02,0.01,0.02,0.02,0.02,Matches
21,Samuel Amo-Ameyaw,eng ENG,"FW,DF",Southampton,18-302,2006,2,0,28,0.3,0,0,0,0,0,0,1,0,0.0,0.0,0.1,0.1,1,0,3,0.00,0.00,0.00,0.00,0.00,0.07,0.22,0.29,0.07,0.29,Matches
22,Mathis Amougou,fr FRA,MF,Chelsea,19-118,2006,1,0,8,0.1,0,0,0,0,0,0,0,0,0.0,0.0,0.0,0.0,0,1,0,0.00,0.00,0.00,0.00,0.00,0.00,0.00,0.00,0.00,0.00,Matches
23,Joachim Andersen,dk DEN,DF,Crystal Palace,28-350,1996,1,1,90,1.0,0,0,0,0,0,0,1,0,0.0,0.0,0.0,0.0,1,4,1,0.00,0.00,0.00,0.00,0.00,0.04,0.00,0.04,0.04,0.04,Matches
24,Joachim Andersen,dk DEN,DF,Fulham,28-350,1996,27,27,2403,26.7,0,0,0,0,0,0,5,1,1.0,1.0,0.3,1.3,16,110,2,0.00,0.00,0.00,0.00,0.00,0.04,0.01,0.05,0.04,0.05,Matches
25,Elliot Anderson,eng ENG,MF,Nott'ham Forest,22-191,2002,35,31,2556,28.4,2,6,8,2,0,0,8,0,1.9,1.9,3.1,5.0,47,133,87,0.07,0.21,0.28,0.07,0.28,0.07,0.11,0.18,0.07,0.18,Matches
Rk,Player,Nation,Pos,Squad,Age,Born,MP,Starts,Min,90s,Gls,Ast,G+A,G-PK,PK,PKatt,CrdY,CrdR,xG,npxG,xAG,npxG+xAG,PrgC,PrgP,PrgR,Gls,Ast,G+A,G-PK,G+A-PK,xG,xAG,xG+xAG,npxG,npxG+xAG,Matches
26,André,br BRA,MF,Wolves,23-304,2001,31,29,2337,26.0,0,0,0,0,0,0,7,0,0.4,0.4,0.8,1.2,8,98,11,0.00,0.00,0.00,0.00,0.00,0.02,0.03,0.04,0.02,0.04,Matches
27,Michail Antonio,jm JAM,FW,West Ham,35-049,1990,14,11,836,9.3,1,1,2,1,0,0,1,0,2.2,2.2,1.6,3.8,29,18,59,0.11,0.11,0.22,0.11,0.22,0.24,0.17,0.41,0.24,0.41,Matches
28,Antony,br BRA,"DF,MF",Manchester Utd,25-081,2000,8,0,141,1.6,0,0,0,0,0,0,0,0,1.0,1.0,0.1,1.1,5,6,7,0.00,0.00,0.00,0.00,0.00,0.65,0.08,0.73,0.65,0.73,Matches
29,Julian Araujo,mx MEX,DF,Bournemouth,23-276,2001,11,6,429,4.8,0,0,0,0,0,0,1,0,0.0,0.0,0.0,0.0,3,14,20,0.00,0.00,0.00,0.00,0.00,0.00,0.00,0.00,0.00,0.00,Matches
30,Cameron Archer,eng ENG,FW,Southampton,23-299,2001,33,13,1398,15.5,2,0,2,2,0,1,0,0,5.1,4.3,0.4,4.7,20,14,65,0.13,0.00,0.13,0.13,0.13,0.33,0.03,0.36,0.28,0.30,Matches
31,Alphonse Areola,fr FRA,GK,West Ham,32-078,1993,25,24,2170,24.1,0,0,0,0,0,0,0,0,0.0,0.0,0.0,0.0,0,0,0,0.00,0.00,0.00,0.00,0.00,0.00,0.00,0.00,0.00,0.00,Matches
32,Joe Aribo,ng NGA,"MF,DF",Southampton,28-299,1996,31,20,1954,21.7,3,0,3,3,0,0,1,0,2.7,2.7,1.6,4.3,35,72,65,0.14,0.00,0.14,0.14,0.14,0.12,0.07,0.20,0.12,0.20,Matches
33,Adam Armstrong,eng ENG,"FW,MF",Southampton,28-095,1997,20,15,1248,13.9,2,2,4,2,0,1,4,0,3.3,2.3,1.2,3.5,25,21,79,0.14,0.14,0.29,0.14,0.29,0.24,0.09,0.32,0.17,0.25,Matches
34,Harrison Armstrong,eng ENG,MF,Everton,18-117,2007,3,0,48,0.5,0,0,0,0,0,0,1,0,0.4,0.4,0.1,0.4,1,1,0,0.00,0.00,0.00,0.00,0.00,0.69,0.14,0.82,0.69,0.82,Matches
35,Kepa Arrizabalaga,es ESP,GK,Bournemouth,30-225,1994,29,29,2610,29.0,0,0,0,0,0,0,3,0,0.1,0.1,0.0,0.1,0,2,0,0.00,0.00,0.00,0.00,0.00,0.00,0.00,0.00,0.00,0.00,Matches
36,Marco Asensio,es ESP,MF,Aston Villa,29-115,1996,11,7,609,6.8,3,1,4,3,0,2,2,0,4.3,2.7,0.8,3.5,18,37,26,0.44,0.15,0.59,0.44,0.59,0.63,0.12,0.75,0.40,0.52,Matches
37,Brandon Austin,eng ENG,GK,Tottenham,26-128,1999,1,1,90,1.0,0,0,0,0,0,0,0,0,0.0,0.0,0.0,0.0,0,0,0,0.00,0.00,0.00,0.00,0.00,0.00,0.00,0.00,0.00,0.00,Matches
38,Taiwo Awoniyi,ng NGA,FW,Nott'ham Forest,27-277,1997,26,3,416,4.6,1,0,1,1,0,0,0,0,2.1,2.1,0.1,2.2,6,7,20,0.22,0.00,0.22,0.22,0.22,0.46,0.02,0.48,0.46,0.48,Matches
39,Yasin Ayari,se SWE,MF,Brighton,21-222,2003,32,20,1848,20.5,1,1,2,1,0,0,3,0,2.3,2.3,2.2,4.5,30,72,60,0.05,0.05,0.10,0.05,0.10,0.11,0.11,0.22,0.11,0.22,Matches
40,Jordan Ayew,gh GHA,"FW,MF",Crystal Palace,33-247,1991,1,0,21,0.2,0,0,0,0,0,0,1,0,0.5,0.5,0.0,0.5,0,0,1,0.00,0.00,0.00,0.00,0.00,1.96,0.21,2.17,1.96,2.17,Matches
41,Jordan Ayew,gh GHA,"FW,MF",Leicester City,33-247,1991,28,17,1485,16.5,5,0,5,4,1,1,5,0,3.0,2.2,1.0,3.2,43,39,79,0.30,0.00,0.30,0.24,0.24,0.18,0.06,0.24,0.13,0.19,Matches
42,Benoît Badiashile,fr FRA,DF,Chelsea,24-051,2001,5,3,334,3.7,0,0,0,0,0,0,0,0,0.0,0.0,0.0,0.0,3,17,2,0.00,0.00,0.00,0.00,0.00,0.00,0.00,0.00,0.00,0.00,Matches
43,Leon Bailey,jm JAM,"FW,MF",Aston Villa,27-280,1997,23,14,1138,12.6,1,2,3,1,0,0,3,0,1.7,1.7,1.5,3.3,57,35,121,0.08,0.16,0.24,0.08,0.24,0.14,0.12,0.26,0.14,0.26,Matches
44,Carlos Baleba,cm CMR,MF,Brighton,21-133,2004,32,29,2481,27.6,3,1,4,3,0,0,8,1,3.0,3.0,1.3,4.3,40,114,28,0.11,0.04,0.15,0.11,0.15,0.11,0.05,0.15,0.11,0.15,Matches
45,Ross Barkley,eng ENG,MF,Aston Villa,31-162,1993,18,3,571,6.3,3,1,4,3,0,0,3,0,1.7,1.7,0.6,2.3,15,33,10,0.47,0.16,0.63,0.47,0.63,0.27,0.10,0.37,0.27,0.37,Matches
46,Harvey Barnes,eng ENG,FW,Newcastle Utd,27-158,1997,31,15,1593,17.7,9,4,13,9,0,0,0,0,6.9,6.9,4.0,10.9,89,78,186,0.51,0.23,0.73,0.51,0.73,0.39,0.22,0.61,0.39,0.61,Matches
47,Calvin Bassey,ng NGA,DF,Fulham,25-136,1999,34,33,2984,33.2,1,0,1,1,0,0,7,0,1.0,1.0,0.1,1.2,39,114,15,0.03,0.00,0.03,0.03,0.03,0.03,0.00,0.03,0.03,0.03,Matches
48,Altay Bayındır,tr TUR,GK,Manchester Utd,27-032,1998,3,3,270,3.0,0,0,0,0,0,0,0,0,0.0,0.0,0.0,0.0,0,0,0,0.00,0.00,0.00,0.00,0.00,0.00,0.00,0.00,0.00,0.00,Matches
49,Jan Bednarek,pl POL,DF,Southampton,29-034,1996,30,30,2531,28.1,2,0,2,2,0,0,7,0,0.7,0.7,0.5,1.2,5,60,2,0.07,0.00,0.07,0.07,0.07,0.02,0.02,0.04,0.02,0.04,Matches
50,Armel Bella Kotchap,de GER,DF,Southampton,23-156,2001,4,2,331,3.7,0,0,0,0,0,0,0,0,0.3,0.3,0.0,0.3,0,5,0,0.00,0.00,0.00,0.00,0.00,0.09,0.00,0.09,0.09,0.09,Matches
Rk,Player,Nation,Pos,Squad,Age,Born,MP,Starts,Min,90s,Gls,Ast,G+A,G-PK,PK,PKatt,CrdY,CrdR,xG,npxG,xAG,npxG+xAG,PrgC,PrgP,PrgR,Gls,Ast,G+A,G-PK,G+A-PK,xG,xAG,xG+xAG,npxG,npxG+xAG,Matches
51,Jean-Ricner Bellegarde,fr FRA,"MF,FW",Wolves,26-323,1998,33,19,1583,17.6,2,6,8,2,0,0,3,0,1.4,1.4,3.6,5.0,51,39,85,0.11,0.34,0.45,0.11,0.45,0.08,0.20,0.28,0.08,0.28,Matches
52,Rodrigo Bentancur,uy URU,MF,Tottenham,27-325,1997,24,20,1563,17.4,2,0,2,2,0,0,8,0,1.3,1.3,0.4,1.7,26,99,34,0.12,0.00,0.12,0.12,0.12,0.08,0.02,0.10,0.08,0.10,Matches
53,Daniel Bentley,eng ENG,GK,Wolves,31-307,1993,1,1,90,1.0,0,0,0,0,0,0,0,0,0.0,0.0,0.0,0.0,0,0,0,0.00,0.00,0.00,0.00,0.00,0.00,0.00,0.00,0.00,0.00,Matches
54,Sander Berge,no NOR,MF,Fulham,27-091,1998,29,25,2174,24.2,0,0,0,0,0,0,6,0,0.2,0.2,0.6,0.8,28,119,9,0.00,0.00,0.00,0.00,0.00,0.01,0.03,0.03,0.01,0.03,Matches
55,Lucas Bergvall,se SWE,MF,Tottenham,19-103,2006,27,11,1212,13.5,0,1,1,0,0,0,3,0,0.7,0.7,0.6,1.3,33,49,31,0.00,0.07,0.07,0.00,0.07,0.05,0.04,0.09,0.05,0.09,Matches
56,Victor Bernth Kristiansen,dk DEN,DF,Leicester City,22-151,2002,29,28,2394,26.6,0,1,1,0,0,0,1,0,0.3,0.3,1.4,1.7,39,69,75,0.00,0.04,0.04,0.00,0.04,0.01,0.05,0.06,0.01,0.06,Matches
57,Beto,gw GNB,FW,Everton,27-105,1998,28,13,1357,15.1,8,0,8,8,0,0,2,0,7.0,7.0,0.8,7.8,12,12,72,0.53,0.00,0.53,0.53,0.53,0.46,0.06,0.52,0.46,0.52,Matches
58,Philip Billing,dk DEN,MF,Bournemouth,28-339,1996,10,1,184,2.0,0,0,0,0,0,0,1,0,0.6,0.6,1.1,1.7,3,15,13,0.00,0.00,0.00,0.00,0.00,0.28,0.54,0.82,0.28,0.82,Matches
59,Yves Bissouma,ml MLI,MF,Tottenham,28-259,1996,26,16,1345,14.9,2,0,2,2,0,0,7,0,0.6,0.6,0.3,0.9,15,74,3,0.13,0.00,0.13,0.13,0.13,0.04,0.02,0.06,0.04,0.06,Matches
60,Oscar Bobb,no NOR,FW,Manchester City,21-308,2003,2,0,15,0.2,0,0,0,0,0,0,0,0,0.0,0.0,0.1,0.1,1,1,1,0.00,0.00,0.00,0.00,0.00,0.00,0.44,0.44,0.00,0.44,Matches
61,Lamare Bogarde,nl NED,"DF,MF",Aston Villa,21-131,2004,8,5,476,5.3,0,0,0,0,0,0,2,0,0.0,0.0,0.1,0.2,12,14,9,0.00,0.00,0.00,0.00,0.00,0.01,0.02,0.03,0.01,0.03,Matches
62,Willy Boly,ci CIV,DF,Nott'ham Forest,34-102,1991,6,1,150,1.7,0,0,0,0,0,0,1,0,0.1,0.1,0.0,0.1,0,2,0,0.00,0.00,0.00,0.00,0.00,0.04,0.00,0.04,0.04,0.04,Matches
63,Sven Botman,nl NED,DF,Newcastle Utd,25-124,2000,6,4,287,3.2,0,0,0,0,0,0,1,0,0.0,0.0,0.1,0.1,0,4,0,0.00,0.00,0.00,0.00,0.00,0.01,0.02,0.03,0.01,0.03,Matches
64,Jarrod Bowen,eng ENG,"FW,MF",West Ham,28-147,1996,32,32,2793,31.0,11,7,18,10,1,1,1,0,8.3,7.6,6.3,13.9,102,86,191,0.35,0.23,0.58,0.32,0.55,0.27,0.20,0.47,0.24,0.45,Matches
65,Conor Bradley,nir NIR,DF,Liverpool,21-311,2003,17,5,633,7.0,0,1,1,0,0,0,4,0,0.6,0.6,0.5,1.1,28,27,31,0.00,0.14,0.14,0.00,0.14,0.08,0.07,0.15,0.08,0.15,Matches
66,Jarrad Branthwaite,eng ENG,DF,Everton,22-323,2002,29,27,2438,27.1,0,1,1,0,0,0,4,0,1.2,1.2,0.7,1.8,9,64,2,0.00,0.04,0.04,0.00,0.04,0.04,0.02,0.07,0.04,0.07,Matches
67,James Bree,eng ENG,DF,Southampton,27-217,1997,16,12,985,10.9,0,1,1,0,0,0,0,0,0.1,0.1,0.9,1.0,12,31,37,0.00,0.09,0.09,0.00,0.09,0.01,0.08,0.09,0.01,0.09,Matches
68,Ben Brereton,cl CHI,FW,Southampton,26-028,1999,10,4,449,5.0,0,0,0,0,0,0,1,0,0.9,0.9,0.1,1.0,12,9,42,0.00,0.00,0.00,0.00,0.00,0.18,0.02,0.20,0.18,0.20,Matches
69,Nathan Broadhead,wls WAL,"MF,FW",Ipswich Town,27-041,1998,16,6,605,6.7,1,0,1,1,0,0,1,0,1.5,1.5,0.6,2.1,17,12,27,0.15,0.00,0.15,0.15,0.15,0.22,0.10,0.32,0.22,0.32,Matches
70,Armando Broja,al ALB,FW,Everton,23-248,2001,10,4,334,3.7,0,0,0,0,0,0,1,0,0.1,0.1,0.2,0.3,12,2,26,0.00,0.00,0.00,0.00,0.00,0.03,0.05,0.08,0.03,0.08,Matches
71,David Brooks,wls WAL,"FW,MF",Bournemouth,27-312,1997,27,8,853,9.5,2,0,2,2,0,0,3,0,2.2,2.2,1.8,4.0,29,34,75,0.21,0.00,0.21,0.21,0.21,0.23,0.19,0.42,0.23,0.42,Matches
72,Emi Buendía,ar ARG,"MF,FW",Aston Villa,28-142,1996,12,0,98,1.1,0,0,0,0,0,0,1,0,0.7,0.7,0.0,0.7,3,7,6,0.00,0.00,0.00,0.00,0.00,0.60,0.02,0.62,0.60,0.62,Matches
73,Santiago Bueno,uy URU,DF,Wolves,26-188,1998,28,18,1683,18.7,0,0,0,0,0,0,2,0,0.4,0.4,0.0,0.4,1,28,1,0.00,0.00,0.00,0.00,0.00,0.02,0.00,0.02,0.02,0.02,Matches
74,Facundo Buonanotte,ar ARG,"FW,MF",Leicester City,20-144,2004,30,14,1504,16.7,5,2,7,5,0,0,8,0,3.9,3.9,3.1,7.0,39,54,72,0.30,0.12,0.42,0.30,0.42,0.24,0.18,0.42,0.24,0.42,Matches
75,Cameron Burgess,au AUS,DF,Ipswich Town,29-207,1995,18,16,1541,17.1,0,2,2,0,0,0,0,0,1.1,1.1,0.5,1.6,2,42,4,0.00,0.12,0.12,0.00,0.12,0.06,0.03,0.09,0.06,0.09,Matches
Rk,Player,Nation,Pos,Squad,Age,Born,MP,Starts,Min,90s,Gls,Ast,G+A,G-PK,PK,PKatt,CrdY,CrdR,xG,npxG,xAG,npxG+xAG,PrgC,PrgP,PrgR,Gls,Ast,G+A,G-PK,G+A-PK,xG,xAG,xG+xAG,npxG,npxG+xAG,Matches
76,Dan Burn,eng ENG,DF,Newcastle Utd,33-007,1992,35,35,3150,35.0,1,1,2,1,0,0,10,0,1.8,1.8,0.9,2.7,9,63,12,0.03,0.03,0.06,0.03,0.06,0.05,0.02,0.08,0.05,0.08,Matches
77,Wes Burns,wls WAL,"FW,DF",Ipswich Town,30-174,1994,18,12,926,10.3,0,1,1,0,0,0,1,0,0.5,0.5,1.6,2.2,38,8,65,0.00,0.10,0.10,0.00,0.10,0.05,0.16,0.21,0.05,0.21,Matches
78,Nathan Butler-Oyedeji,eng ENG,FW,Arsenal,22-132,2003,1,0,7,0.1,0,0,0,0,0,0,0,0,0.1,0.1,0.0,0.1,0,0,0,0.00,0.00,0.00,0.00,0.00,0.94,0.00,0.94,0.94,0.94,Matches
79,Moisés Caicedo,ec ECU,"MF,DF",Chelsea,23-195,2001,36,36,3171,35.2,1,2,3,1,0,0,10,0,0.8,0.8,3.0,3.8,40,204,35,0.03,0.06,0.09,0.03,0.09,0.02,0.09,0.11,0.02,0.11,Matches
80,Tom Cairney,sct SCO,MF,Fulham,34-116,1991,23,2,510,5.7,1,0,1,1,0,0,3,1,0.2,0.2,1.0,1.2,15,48,32,0.18,0.00,0.18,0.18,0.18,0.04,0.17,0.21,0.04,0.21,Matches
81,Jens Cajuste,se SWE,MF,Ipswich Town,25-279,1999,28,23,1812,20.1,1,0,1,1,0,0,2,0,0.5,0.5,0.6,1.1,23,46,16,0.05,0.00,0.05,0.05,0.05,0.02,0.03,0.05,0.02,0.05,Matches
82,Riccardo Calafiori,it ITA,DF,Arsenal,22-362,2002,18,11,938,10.4,2,1,3,2,0,0,4,0,0.9,0.9,0.3,1.1,21,54,29,0.19,0.10,0.29,0.19,0.29,0.08,0.03,0.11,0.08,0.11,Matches
83,Dominic Calvert-Lewin,eng ENG,FW,Everton,28-061,1997,24,19,1589,17.7,3,1,4,3,0,0,2,0,6.3,6.3,0.6,6.9,22,19,108,0.17,0.06,0.23,0.17,0.23,0.35,0.04,0.39,0.35,0.39,Matches
84,Diego Carlos,br BRA,DF,Aston Villa,32-062,1993,10,8,830,9.2,0,0,0,0,0,0,1,0,0.6,0.6,0.0,0.6,3,34,0,0.00,0.00,0.00,0.00,0.00,0.07,0.00,0.07,0.07,0.07,Matches
85,Fabio Carvalho,pt POR,"FW,MF",Brentford,22-259,2002,19,3,455,5.1,2,1,3,2,0,0,1,0,2.5,2.5,0.7,3.2,9,17,23,0.40,0.20,0.59,0.40,0.59,0.49,0.13,0.62,0.49,0.62,Matches
86,Casemiro,br BRA,MF,Manchester Utd,33-082,1992,22,16,1335,14.8,1,0,1,1,0,0,3,0,1.7,1.7,2.3,3.9,4,70,26,0.07,0.00,0.07,0.07,0.07,0.11,0.15,0.27,0.11,0.27,Matches
87,Kaelan Casey,eng ENG,DF,West Ham,20-200,2004,1,0,1,0.0,0,0,0,0,0,0,0,0,0.0,0.0,0.0,0.0,0,0,0,0.00,0.00,0.00,0.00,0.00,0.00,0.00,0.00,0.00,0.00,Matches
88,Matty Cash,pl POL,DF,Aston Villa,27-282,1997,25,22,1890,21.0,1,1,2,1,0,0,6,0,0.4,0.4,1.1,1.4,46,39,76,0.05,0.05,0.10,0.05,0.10,0.02,0.05,0.07,0.02,0.07,Matches
89,Eiran Cashin,ie IRL,DF,Brighton,23-188,2001,2,0,20,0.2,0,0,0,0,0,0,0,0,0.0,0.0,0.0,0.0,0,6,1,0.00,0.00,0.00,0.00,0.00,0.00,0.00,0.00,0.00,0.00,Matches
90,Timothy Castagne,be BEL,DF,Fulham,29-162,1995,24,17,1649,18.3,0,1,1,0,0,0,1,0,0.4,0.4,1.2,1.6,17,62,67,0.00,0.05,0.05,0.00,0.05,0.02,0.07,0.09,0.02,0.09,Matches
91,Trevoh Chalobah,eng ENG,DF,Crystal Palace,25-315,1999,12,12,1060,11.8,3,0,3,3,0,0,1,0,1.2,1.2,0.4,1.6,11,34,6,0.25,0.00,0.25,0.25,0.25,0.10,0.03,0.14,0.10,0.14,Matches
92,Trevoh Chalobah,eng ENG,DF,Chelsea,25-315,1999,13,11,910,10.1,0,1,1,0,0,0,2,0,0.8,0.8,1.2,2.0,4,37,2,0.00,0.10,0.10,0.00,0.10,0.08,0.12,0.19,0.08,0.19,Matches
93,Conor Chaplin,eng ENG,"MF,FW",Ipswich Town,28-089,1997,20,9,768,8.5,1,1,2,1,0,0,2,0,1.2,1.2,0.7,1.9,11,27,20,0.12,0.12,0.23,0.12,0.23,0.14,0.08,0.22,0.14,0.22,Matches
94,Youssef Chermiti,pt POR,"FW,MF",Everton,20-357,2004,4,0,45,0.5,0,0,0,0,0,0,1,0,0.1,0.1,0.0,0.1,0,1,6,0.00,0.00,0.00,0.00,0.00,0.22,0.00,0.22,0.22,0.22,Matches
95,Federico Chiesa,it ITA,FW,Liverpool,27-203,1997,5,0,46,0.5,0,0,0,0,0,0,0,0,0.2,0.2,0.0,0.2,3,2,7,0.00,0.00,0.00,0.00,0.00,0.49,0.00,0.49,0.49,0.49,Matches
96,Ben Chilwell,eng ENG,DF,Crystal Palace,28-146,1996,7,0,169,1.9,0,0,0,0,0,0,1,0,0.1,0.1,0.7,0.8,2,6,12,0.00,0.00,0.00,0.00,0.00,0.04,0.39,0.43,0.04,0.43,Matches
97,Chiquinho,pt POR,MF,Wolves,25-100,2000,1,0,7,0.1,0,0,0,0,0,0,0,0,0.0,0.0,0.0,0.0,0,0,0,0.00,0.00,0.00,0.00,0.00,0.00,0.42,0.42,0.00,0.42,Matches
98,Hamza Choudhury,bd BAN,"MF,DF",Leicester City,27-227,1997,4,1,131,1.5,0,0,0,0,0,0,0,0,0.0,0.0,0.4,0.4,4,3,6,0.00,0.00,0.00,0.00,0.00,0.00,0.27,0.27,0.00,0.27,Matches
99,Ryan Christie,sct SCO,MF,Bournemouth,30-083,1995,29,27,2117,23.5,2,3,5,2,0,0,9,0,1.8,1.8,3.5,5.4,34,137,44,0.09,0.13,0.21,0.09,0.21,0.08,0.15,0.23,0.08,0.23,Matches
100,Harry Clarke,eng ENG,DF,Ipswich Town,24-075,2001,7,4,379,4.2,0,0,0,0,0,0,3,1,0.1,0.1,0.0,0.1,5,14,2,0.00,0.00,0.00,0.00,0.00,0.02,0.01,0.03,0.02,0.03,Matches
Rk,Player,Nation,Pos,Squad,Age,Born,MP,Starts,Min,90s,Gls,Ast,G+A,G-PK,PK,PKatt,CrdY,CrdR,xG,npxG,xAG,npxG+xAG,PrgC,PrgP,PrgR,Gls,Ast,G+A,G-PK,G+A-PK,xG,xAG,xG+xAG,npxG,npxG+xAG,Matches
101,Jack Clarke,eng ENG,"FW,MF",Ipswich Town,24-174,2000,30,11,1090,12.1,0,4,4,0,0,0,2,0,1.0,1.0,2.1,3.0,34,38,48,0.00,0.33,0.33,0.00,0.33,0.08,0.17,0.25,0.08,0.25,Matches
102,Nathaniel Clyne,eng ENG,"DF,MF",Crystal Palace,34-041,1991,13,5,483,5.4,0,0,0,0,0,0,1,0,0.0,0.0,0.3,0.3,6,7,8,0.00,0.00,0.00,0.00,0.00,0.00,0.06,0.06,0.00,0.06,Matches
103,Conor Coady,eng ENG,DF,Leicester City,32-080,1993,20,17,1534,17.0,1,0,1,1,0,0,2,0,0.4,0.4,0.1,0.5,3,30,0,0.06,0.00,0.06,0.06,0.06,0.02,0.00,0.03,0.02,0.03,Matches
104,Séamus Coleman,ie IRL,DF,Everton,36-217,1988,4,2,198,2.2,0,0,0,0,0,0,1,0,0.6,0.6,0.0,0.6,1,9,3,0.00,0.00,0.00,0.00,0.00,0.26,0.00,0.26,0.26,0.26,Matches
105,Nathan Collins,ie IRL,DF,Brentford,24-016,2001,36,36,3240,36.0,2,3,5,2,0,0,5,0,2.5,2.5,1.8,4.3,30,121,18,0.06,0.08,0.14,0.06,0.14,0.07,0.05,0.12,0.07,0.12,Matches
106,Toby Collyer,eng ENG,MF,Manchester Utd,21-133,2004,6,0,179,2.0,0,0,0,0,0,0,0,0,0.2,0.2,0.3,0.4,0,5,2,0.00,0.00,0.00,0.00,0.00,0.09,0.13,0.22,0.09,0.22,Matches
107,Levi Colwill,eng ENG,DF,Chelsea,22-079,2003,33,33,2969,33.0,1,1,2,1,0,0,9,0,1.3,1.3,1.1,2.5,14,126,11,0.03,0.03,0.06,0.03,0.06,0.04,0.03,0.07,0.04,0.07,Matches
108,Lewis Cook,eng ENG,"MF,DF",Bournemouth,28-102,1997,35,31,2906,32.3,1,3,4,1,0,0,8,0,0.9,0.9,4.1,5.1,33,155,51,0.03,0.09,0.12,0.03,0.12,0.03,0.13,0.16,0.03,0.16,Matches
109,Maxwel Cornet,ci CIV,FW,Southampton,28-231,1996,2,1,72,0.8,0,0,0,0,0,0,1,0,0.2,0.2,0.0,0.2,1,0,5,0.00,0.00,0.00,0.00,0.00,0.20,0.00,0.20,0.20,0.20,Matches
110,Vladimír Coufal,cz CZE,DF,West Ham,32-267,1992,20,10,958,10.6,0,0,0,0,0,0,4,0,0.3,0.3,0.6,0.9,19,34,28,0.00,0.00,0.00,0.00,0.00,0.03,0.06,0.08,0.03,0.08,Matches
111,Woyo Coulibaly,fr FRA,DF,Leicester City,25-361,1999,4,1,109,1.2,0,0,0,0,0,0,1,0,0.0,0.0,0.0,0.0,4,3,2,0.00,0.00,0.00,0.00,0.00,0.04,0.00,0.04,0.04,0.04,Matches
112,Aaron Cresswell,eng ENG,DF,West Ham,35-152,1989,16,9,766,8.5,0,0,0,0,0,0,3,0,0.1,0.1,1.2,1.3,5,32,3,0.00,0.00,0.00,0.00,0.00,0.01,0.14,0.16,0.01,0.16,Matches
113,Marc Cucurella,es ESP,DF,Chelsea,26-298,1998,34,31,2808,31.2,4,1,5,4,0,0,10,1,2.6,2.6,2.1,4.7,35,113,113,0.13,0.03,0.16,0.13,0.16,0.08,0.07,0.15,0.08,0.15,Matches
114,Jorge Cuenca,es ESP,DF,Fulham,25-180,1999,6,3,259,2.9,0,0,0,0,0,0,0,0,0.0,0.0,0.0,0.0,0,9,0,0.00,0.00,0.00,0.00,0.00,0.01,0.00,0.01,0.01,0.01,Matches
115,Matheus Cunha,br BRA,"MF,FW",Wolves,25-354,1999,31,28,2483,27.6,15,6,21,15,0,0,4,0,8.0,8.0,7.6,15.7,105,137,150,0.54,0.22,0.76,0.54,0.76,0.29,0.28,0.57,0.29,0.57,Matches
116,Patson Daka,zm ZAM,"FW,MF",Leicester City,26-219,1998,21,5,654,7.3,1,0,1,1,0,0,0,0,1.3,1.3,0.1,1.3,10,8,34,0.14,0.00,0.14,0.14,0.14,0.17,0.01,0.18,0.17,0.18,Matches
117,Diogo Dalot,pt POR,DF,Manchester Utd,26-059,1999,32,31,2788,31.0,0,3,3,0,0,0,5,0,2.0,2.0,2.0,4.0,62,102,164,0.00,0.10,0.10,0.00,0.10,0.06,0.07,0.13,0.06,0.13,Matches
118,Mikkel Damsgaard,dk DEN,"MF,FW",Brentford,24-317,2000,36,32,2742,30.5,2,10,12,2,0,0,2,0,2.7,2.7,8.0,10.7,66,220,126,0.07,0.33,0.39,0.07,0.39,0.09,0.26,0.35,0.09,0.35,Matches
119,Danilo,br BRA,"MF,FW",Nott'ham Forest,24-017,2001,7,5,267,3.0,0,0,0,0,0,0,0,0,0.0,0.0,0.0,0.0,2,11,1,0.00,0.00,0.00,0.00,0.00,0.00,0.00,0.00,0.00,0.00,Matches
120,Jayden Danns,eng ENG,MF,Liverpool,19-120,2006,1,0,11,0.1,0,0,0,0,0,0,0,0,0.0,0.0,0.0,0.0,0,0,0,0.00,0.00,0.00,0.00,0.00,0.00,0.00,0.00,0.00,0.00,Matches
121,Kevin Danso,at AUT,DF,Tottenham,26-239,1998,8,7,662,7.4,0,0,0,0,0,0,0,0,0.4,0.4,0.1,0.5,11,18,1,0.00,0.00,0.00,0.00,0.00,0.06,0.01,0.06,0.06,0.06,Matches
122,Ben Davies,wls WAL,DF,Tottenham,32-022,1993,15,13,1216,13.5,0,0,0,0,0,0,4,0,0.3,0.3,0.2,0.5,14,51,6,0.00,0.00,0.00,0.00,0.00,0.02,0.01,0.04,0.02,0.04,Matches
123,Leif Davis,eng ENG,DF,Ipswich Town,25-124,2000,31,30,2563,28.5,1,2,3,1,0,0,5,1,0.9,0.9,4.3,5.2,48,55,117,0.04,0.07,0.11,0.04,0.11,0.03,0.15,0.18,0.03,0.18,Matches
124,Craig Dawson,eng ENG,DF,Wolves,35-010,1990,15,10,971,10.8,0,0,0,0,0,0,2,0,0.5,0.5,0.0,0.5,6,20,5,0.00,0.00,0.00,0.00,0.00,0.05,0.00,0.05,0.05,0.05,Matches
125,Kevin De Bruyne,be BEL,"MF,FW",Manchester City,33-322,1991,26,18,1628,18.1,4,7,11,4,0,0,2,0,4.2,4.2,7.9,12.1,50,153,143,0.22,0.39,0.61,0.22,0.61,0.23,0.44,0.67,0.23,0.67,Matches
Rk,Player,Nation,Pos,Squad,Age,Born,MP,Starts,Min,90s,Gls,Ast,G+A,G-PK,PK,PKatt,CrdY,CrdR,xG,npxG,xAG,npxG+xAG,PrgC,PrgP,PrgR,Gls,Ast,G+A,G-PK,G+A-PK,xG,xAG,xG+xAG,npxG,npxG+xAG,Matches
126,Bobby De Cordova-Reid,jm JAM,FW,Leicester City,32-103,1993,23,9,744,8.3,1,2,3,1,0,0,2,0,0.8,0.8,1.2,2.0,14,15,48,0.12,0.24,0.36,0.12,0.36,0.10,0.15,0.24,0.10,0.24,Matches
127,Liam Delap,eng ENG,FW,Ipswich Town,22-097,2003,35,32,2552,28.4,12,2,14,10,2,2,10,0,9.3,7.7,1.9,9.6,60,30,107,0.42,0.07,0.49,0.35,0.42,0.33,0.07,0.40,0.27,0.34,Matches
128,Sepp van den Berg,nl NED,DF,Brentford,23-147,2001,29,27,2406,26.7,0,0,0,0,0,0,2,0,1.8,1.8,0.5,2.4,10,74,27,0.00,0.00,0.00,0.00,0.00,0.07,0.02,0.09,0.07,0.09,Matches
129,Justin Devenny,nir NIR,MF,Crystal Palace,21-217,2003,21,4,433,4.8,1,0,1,1,0,0,1,0,0.7,0.7,0.4,1.1,4,17,13,0.21,0.00,0.21,0.21,0.21,0.14,0.08,0.22,0.14,0.22,Matches
130,Kiernan Dewsbury-Hall,eng ENG,"MF,FW",Chelsea,26-252,1998,12,2,259,2.9,0,1,1,0,0,0,0,0,0.2,0.2,1.1,1.3,5,14,11,0.00,0.35,0.35,0.00,0.35,0.08,0.37,0.45,0.08,0.45,Matches
131,Amad Diallo,ci CIV,"FW,MF",Manchester Utd,22-309,2002,24,18,1721,19.1,7,6,13,7,0,0,3,0,4.2,4.2,4.6,8.8,99,57,175,0.37,0.31,0.68,0.37,0.68,0.22,0.24,0.46,0.22,0.46,Matches
132,Rúben Dias,pt POR,DF,Manchester City,28-002,1997,25,23,2091,23.2,0,0,0,0,0,0,4,0,1.5,1.5,0.3,1.8,38,143,8,0.00,0.00,0.00,0.00,0.00,0.06,0.01,0.08,0.06,0.08,Matches
133,Luis Díaz,co COL,FW,Liverpool,28-123,1997,34,27,2303,25.6,13,5,18,13,0,0,2,0,11.3,11.3,5.0,16.3,106,106,274,0.51,0.20,0.70,0.51,0.70,0.44,0.20,0.64,0.44,0.64,Matches
134,Tyler Dibling,eng ENG,"FW,MF",Southampton,19-065,2006,32,19,1807,20.1,2,0,2,2,0,0,6,0,2.5,2.5,1.5,4.1,68,64,94,0.10,0.00,0.10,0.10,0.10,0.13,0.08,0.20,0.13,0.20,Matches
135,Lucas Digne,fr FRA,DF,Aston Villa,31-300,1993,32,28,2351,26.1,0,4,4,0,0,0,4,0,0.8,0.8,4.7,5.5,23,57,142,0.00,0.15,0.15,0.00,0.15,0.03,0.18,0.21,0.03,0.21,Matches
136,Issa Diop,fr FRA,DF,Fulham,28-127,1997,21,15,1339,14.9,0,0,0,0,0,0,2,0,0.5,0.5,0.1,0.6,6,25,3,0.00,0.00,0.00,0.00,0.00,0.04,0.01,0.04,0.04,0.04,Matches
137,Axel Disasi,fr FRA,DF,Aston Villa,27-066,1998,7,5,490,5.4,0,0,0,0,0,0,2,0,0.1,0.1,0.4,0.5,10,16,5,0.00,0.00,0.00,0.00,0.00,0.02,0.07,0.09,0.02,0.09,Matches
138,Axel Disasi,fr FRA,DF,Chelsea,27-066,1998,6,4,364,4.0,1,0,1,1,0,0,1,0,0.3,0.3,0.1,0.4,6,16,2,0.25,0.00,0.25,0.25,0.25,0.07,0.02,0.09,0.07,0.09,Matches
139,Roman Dixon,eng ENG,DF,Everton,20-141,2004,1,1,90,1.0,0,0,0,0,0,0,0,0,0.0,0.0,0.0,0.0,0,0,1,0.00,0.00,0.00,0.00,0.00,0.00,0.00,0.00,0.00,0.00,Matches
140,Nasser Djiga,bf BFA,"DF,FW",Wolves,22-182,2002,4,0,21,0.2,0,0,0,0,0,0,0,0,0.0,0.0,0.0,0.0,0,0,1,0.00,0.00,0.00,0.00,0.00,0.00,0.00,0.00,0.00,0.00,Matches
141,Matt Doherty,ie IRL,DF,Wolves,33-120,1992,29,24,2023,22.5,2,1,3,2,0,0,6,0,1.0,1.0,1.5,2.5,29,77,40,0.09,0.04,0.13,0.09,0.13,0.05,0.07,0.11,0.05,0.11,Matches
142,Jeremy Doku,be BEL,"FW,MF",Manchester City,22-354,2002,27,15,1442,16.0,3,6,9,3,0,0,1,0,1.0,1.0,4.7,5.7,201,67,274,0.19,0.37,0.56,0.19,0.56,0.06,0.29,0.36,0.06,0.36,Matches
143,Nicolás Domínguez,ar ARG,"MF,FW",Nott'ham Forest,26-322,1998,32,21,1807,20.1,0,1,1,0,0,0,9,0,1.5,1.5,1.3,2.8,14,75,30,0.00,0.05,0.05,0.00,0.05,0.08,0.06,0.14,0.08,0.14,Matches
144,Patrick Dorgu,dk DEN,DF,Manchester Utd,20-202,2004,10,8,662,7.4,0,0,0,0,0,0,3,1,0.4,0.4,0.4,0.8,30,25,58,0.00,0.00,0.00,0.00,0.00,0.05,0.06,0.11,0.05,0.11,Matches
145,Alfie Dorrington,eng ENG,DF,Tottenham,20-026,2005,1,0,14,0.2,0,0,0,0,0,0,0,0,0.0,0.0,0.0,0.0,0,0,0,0.00,0.00,0.00,0.00,0.00,0.00,0.00,0.00,0.00,0.00,Matches
146,Abdoulaye Doucouré,ml MLI,MF,Everton,32-135,1993,31,30,2485,27.6,3,2,5,3,0,0,5,1,3.9,3.9,2.3,6.2,42,80,92,0.11,0.07,0.18,0.11,0.18,0.14,0.08,0.22,0.14,0.22,Matches
147,Cheick Doucouré,ml MLI,MF,Crystal Palace,25-128,2000,13,4,452,5.0,0,0,0,0,0,0,1,0,0.4,0.4,0.0,0.4,2,19,7,0.00,0.00,0.00,0.00,0.00,0.08,0.00,0.08,0.08,0.08,Matches
148,Flynn Downes,eng ENG,MF,Southampton,26-116,1999,25,23,1971,21.9,1,0,1,1,0,0,11,0,0.6,0.6,1.1,1.7,25,63,29,0.05,0.00,0.05,0.05,0.05,0.03,0.05,0.08,0.03,0.08,Matches
149,Tommy Doyle,eng ENG,MF,Wolves,23-211,2001,24,3,488,5.4,0,1,1,0,0,0,1,0,0.6,0.6,0.5,1.1,6,40,4,0.00,0.18,0.18,0.00,0.18,0.10,0.09,0.20,0.10,0.20,Matches
150,Radu Drăgușin,ro ROU,DF,Tottenham,23-102,2002,16,14,1252,13.9,0,0,0,0,0,0,1,0,0.1,0.1,0.4,0.5,7,37,2,0.00,0.00,0.00,0.00,0.00,0.01,0.03,0.04,0.01,0.04,Matches
Rk,Player,Nation,Pos,Squad,Age,Born,MP,Starts,Min,90s,Gls,Ast,G+A,G-PK,PK,PKatt,CrdY,CrdR,xG,npxG,xAG,npxG+xAG,PrgC,PrgP,PrgR,Gls,Ast,G+A,G-PK,G+A-PK,xG,xAG,xG+xAG,npxG,npxG+xAG,Matches
151,Martin Dúbravka,sk SVK,GK,Newcastle Utd,36-121,1989,10,10,900,10.0,0,0,0,0,0,0,0,0,0.0,0.0,0.0,0.0,0,0,0,0.00,0.00,0.00,0.00,0.00,0.00,0.00,0.00,0.00,0.00,Matches
152,Lewis Dunk,eng ENG,DF,Brighton,33-176,1991,25,23,2083,23.1,0,0,0,0,0,0,5,0,0.8,0.8,0.5,1.3,20,142,3,0.00,0.00,0.00,0.00,0.00,0.03,0.02,0.06,0.03,0.06,Matches
153,Jáder Durán,co COL,FW,Aston Villa,21-154,2003,20,4,638,7.1,7,0,7,7,0,0,3,1,4.9,4.9,0.2,5.1,7,13,44,0.99,0.00,0.99,0.99,0.99,0.69,0.03,0.71,0.69,0.71,Matches
154,Ederson,br BRA,GK,Manchester City,31-272,1993,24,24,2140,23.8,0,4,4,0,0,0,3,0,0.0,0.0,1.5,1.5,0,2,0,0.00,0.17,0.17,0.00,0.17,0.00,0.07,0.07,0.00,0.07,Matches
155,George Edmundson,eng ENG,DF,Ipswich Town,27-258,1997,1,0,2,0.0,0,0,0,0,0,0,0,0,0.0,0.0,0.0,0.0,0,0,0,0.00,0.00,0.00,0.00,0.00,0.00,0.00,0.00,0.00,0.00,Matches
156,Odsonne Édouard,fr FRA,"MF,FW",Crystal Palace,27-120,1998,2,1,115,1.3,0,0,0,0,0,0,0,0,0.4,0.4,0.0,0.4,2,4,7,0.00,0.00,0.00,0.00,0.00,0.31,0.04,0.34,0.31,0.34,Matches
157,Odsonne Édouard,fr FRA,FW,Leicester City,27-120,1998,4,0,29,0.3,0,0,0,0,0,0,0,0,0.0,0.0,0.0,0.0,0,1,2,0.00,0.00,0.00,0.00,0.00,0.00,0.13,0.13,0.00,0.13,Matches
158,Samuel Edozie,eng ENG,"DF,FW",Southampton,22-108,2003,2,0,65,0.7,0,0,0,0,0,0,1,0,0.0,0.0,0.1,0.1,6,4,23,0.00,0.00,0.00,0.00,0.00,0.00,0.14,0.14,0.00,0.14,Matches
159,Ronnie Edwards,eng ENG,DF,Southampton,22-049,2003,1,0,12,0.1,0,0,0,0,0,0,0,0,0.0,0.0,0.0,0.0,0,0,0,0.00,0.00,0.00,0.00,0.00,0.00,0.00,0.00,0.00,0.00,Matches
160,Anthony Elanga,se SWE,"FW,MF",Nott'ham Forest,23-019,2002,36,29,2322,25.8,6,10,16,6,0,0,1,0,4.2,4.2,5.3,9.5,91,56,202,0.23,0.39,0.62,0.23,0.62,0.16,0.20,0.37,0.16,0.37,Matches
161,Harvey Elliott,eng ENG,"MF,FW",Liverpool,22-042,2003,16,1,275,3.1,0,1,1,0,0,0,1,0,0.9,0.9,0.9,1.7,9,32,28,0.00,0.33,0.33,0.00,0.33,0.28,0.29,0.57,0.28,0.57,Matches
162,Yunus Emre Konak,tr TUR,"FW,MF",Brentford,19-126,2006,10,0,42,0.5,0,0,0,0,0,0,0,0,0.2,0.2,0.0,0.2,1,2,2,0.00,0.00,0.00,0.00,0.00,0.33,0.00,0.33,0.33,0.33,Matches
163,Julio Enciso,py PAR,"FW,MF",Ipswich Town,21-113,2004,12,11,799,8.9,2,3,5,2,0,0,3,0,1.5,1.5,1.3,2.8,21,25,41,0.23,0.34,0.56,0.23,0.56,0.17,0.14,0.31,0.17,0.31,Matches
164,Julio Enciso,py PAR,"MF,FW",Brighton,21-113,2004,12,2,294,3.3,0,0,0,0,0,0,0,0,1.0,1.0,0.2,1.2,11,14,17,0.00,0.00,0.00,0.00,0.00,0.31,0.07,0.38,0.31,0.38,Matches
165,Wataru Endo,jp JPN,MF,Liverpool,32-096,1993,18,1,237,2.6,0,0,0,0,0,0,0,0,0.0,0.0,0.1,0.1,0,14,5,0.00,0.00,0.00,0.00,0.00,0.00,0.02,0.02,0.00,0.02,Matches
166,Christian Eriksen,dk DEN,MF,Manchester Utd,33-091,1992,22,11,1036,11.5,0,2,2,0,0,0,4,0,0.4,0.4,3.1,3.6,12,55,29,0.00,0.17,0.17,0.00,0.17,0.04,0.27,0.31,0.04,0.31,Matches
167,Romain Esse,eng ENG,MF,Crystal Palace,20-003,2005,5,0,47,0.5,1,0,1,1,0,0,0,0,0.3,0.3,0.1,0.5,0,3,8,1.91,0.00,1.91,1.91,1.91,0.60,0.25,0.86,0.60,0.86,Matches
168,Pervis Estupiñán,ec ECU,DF,Brighton,27-115,1998,29,25,2312,25.7,1,1,2,1,0,0,5,0,1.1,1.1,2.1,3.1,57,121,109,0.04,0.04,0.08,0.04,0.08,0.04,0.08,0.12,0.04,0.12,Matches
169,Evanilson,br BRA,FW,Bournemouth,25-222,1999,29,26,2148,23.9,10,1,11,10,0,1,1,1,11.7,11.0,1.6,12.6,28,25,94,0.42,0.04,0.46,0.42,0.46,0.49,0.07,0.56,0.46,0.53,Matches
170,Jake Evans,,FW,Leicester City,,,2,0,8,0.1,0,0,0,0,0,0,0,0,0.0,0.0,0.0,0.0,0,0,1,0.00,0.00,0.00,0.00,0.00,0.00,0.00,0.00,0.00,0.00,Matches
171,Jonny Evans,nir NIR,DF,Manchester Utd,37-133,1988,6,3,290,3.2,0,0,0,0,0,0,1,0,0.1,0.1,0.0,0.1,1,8,2,0.00,0.00,0.00,0.00,0.00,0.03,0.00,0.03,0.03,0.03,Matches
172,Eberechi Eze,eng ENG,"MF,FW",Crystal Palace,26-321,1998,32,30,2517,28.0,7,8,15,6,1,2,1,0,10.2,8.7,5.3,13.9,67,94,150,0.25,0.29,0.54,0.21,0.50,0.37,0.19,0.55,0.31,0.50,Matches
173,Łukasz Fabiański,pl POL,GK,West Ham,40-028,1985,13,12,1070,11.9,0,0,0,0,0,0,2,0,0.0,0.0,0.0,0.0,0,0,0,0.00,0.00,0.00,0.00,0.00,0.00,0.00,0.00,0.00,0.00,Matches
174,Wout Faes,be BEL,DF,Leicester City,27-043,1998,32,28,2635,29.3,1,0,1,1,0,0,4,0,1.5,1.5,0.1,1.6,12,83,1,0.03,0.00,0.03,0.03,0.03,0.05,0.00,0.06,0.05,0.06,Matches
175,Abdul Fatawu Issahaku,gh GHA,FW,Leicester City,21-069,2004,11,6,579,6.4,0,2,2,0,0,0,0,0,0.4,0.4,1.6,2.0,42,17,60,0.00,0.31,0.31,0.00,0.31,0.06,0.24,0.31,0.06,0.31,Matches
Rk,Player,Nation,Pos,Squad,Age,Born,MP,Starts,Min,90s,Gls,Ast,G+A,G-PK,PK,PKatt,CrdY,CrdR,xG,npxG,xAG,npxG+xAG,PrgC,PrgP,PrgR,Gls,Ast,G+A,G-PK,G+A-PK,xG,xAG,xG+xAG,npxG,npxG+xAG,Matches
176,João Félix,pt POR,"FW,MF",Chelsea,25-187,1999,12,3,369,4.1,1,1,2,1,0,0,2,0,2.2,2.2,1.0,3.2,21,26,30,0.24,0.24,0.49,0.24,0.49,0.54,0.23,0.78,0.54,0.78,Matches
177,Evan Ferguson,ie IRL,FW,West Ham,20-209,2004,8,1,156,1.7,0,0,0,0,0,0,0,0,0.6,0.6,0.3,0.9,1,1,7,0.00,0.00,0.00,0.00,0.00,0.32,0.17,0.50,0.32,0.50,Matches
178,Evan Ferguson,ie IRL,FW,Brighton,20-209,2004,13,2,246,2.7,1,0,1,1,0,0,0,0,0.5,0.5,0.4,1.0,2,1,9,0.37,0.00,0.37,0.37,0.37,0.20,0.15,0.35,0.20,0.35,Matches
179,Bruno Fernandes,pt POR,MF,Manchester Utd,30-250,1994,34,33,2848,31.6,8,9,17,5,3,3,4,2,9.6,7.2,8.1,15.3,67,295,120,0.25,0.28,0.54,0.16,0.44,0.30,0.26,0.56,0.23,0.48,Matches
180,Mateus Fernandes,pt POR,MF,Southampton,20-310,2004,34,32,2729,30.3,2,3,5,2,0,0,8,0,3.8,3.8,2.6,6.4,75,135,103,0.07,0.10,0.16,0.07,0.16,0.13,0.09,0.21,0.13,0.21,Matches
181,Enzo Fernández,ar ARG,MF,Chelsea,24-119,2001,34,30,2767,30.7,6,7,13,6,0,0,8,0,6.1,6.1,6.7,12.8,59,207,122,0.20,0.23,0.42,0.20,0.42,0.20,0.22,0.42,0.20,0.42,Matches
182,Mark Flekken,nl NED,GK,Brentford,31-337,1993,35,35,3095,34.4,0,2,2,0,0,0,1,0,0.0,0.0,0.5,0.5,0,0,0,0.00,0.06,0.06,0.00,0.06,0.00,0.02,0.02,0.00,0.02,Matches
183,Phil Foden,eng ENG,"MF,FW",Manchester City,24-353,2000,27,20,1768,19.6,7,2,9,7,0,0,2,0,5.2,5.2,4.8,9.9,50,103,128,0.36,0.10,0.46,0.36,0.46,0.26,0.24,0.51,0.26,0.51,Matches
184,Wesley Fofana,fr FRA,DF,Chelsea,24-150,2000,14,14,1172,13.0,0,0,0,0,0,0,7,0,0.4,0.4,0.4,0.8,19,32,4,0.00,0.00,0.00,0.00,0.00,0.03,0.03,0.07,0.03,0.06,Matches
185,Carlos Forbs,pt POR,"MF,FW",Wolves,21-058,2004,10,1,239,2.7,0,0,0,0,0,0,2,0,0.1,0.1,0.0,0.2,10,8,28,0.00,0.00,0.00,0.00,0.00,0.05,0.01,0.07,0.05,0.07,Matches
186,Fraser Forster,eng ENG,GK,Tottenham,37-060,1988,7,7,630,7.0,0,0,0,0,0,0,0,0,0.0,0.0,0.0,0.0,0,0,0,0.00,0.00,0.00,0.00,0.00,0.00,0.00,0.00,0.00,0.00,Matches
187,Matheus França,br BRA,"FW,MF",Crystal Palace,21-045,2004,2,0,26,0.3,1,0,1,1,0,0,0,0,0.1,0.1,0.0,0.1,1,2,2,3.46,0.00,3.46,3.46,3.46,0.43,0.00,0.43,0.43,0.43,Matches
188,Ryan Fraser,sct SCO,"FW,DF",Southampton,31-081,1994,8,4,306,3.4,0,0,0,0,0,0,0,1,0.0,0.0,0.1,0.1,10,8,18,0.00,0.00,0.00,0.00,0.00,0.01,0.03,0.04,0.01,0.04,Matches
189,Tyler Fredricson,eng ENG,DF,Manchester Utd,20-082,2005,2,2,165,1.8,0,0,0,0,0,0,0,0,0.0,0.0,0.0,0.0,2,8,0,0.00,0.00,0.00,0.00,0.00,0.00,0.00,0.00,0.00,0.00,Matches
190,Niclas Füllkrug,de GER,FW,West Ham,32-096,1993,16,5,686,7.6,3,2,5,3,0,0,2,0,2.0,2.0,1.9,3.9,6,12,25,0.39,0.26,0.66,0.39,0.66,0.26,0.25,0.51,0.26,0.51,Matches
191,Cody Gakpo,nl NED,FW,Liverpool,26-009,1999,33,21,1783,19.8,10,3,13,10,0,0,5,0,6.9,6.9,3.5,10.4,53,52,256,0.50,0.15,0.66,0.50,0.66,0.35,0.18,0.53,0.35,0.53,Matches
192,Idrissa Gana Gueye,sn SEN,MF,Everton,35-232,1989,35,33,2883,32.0,0,3,3,0,0,0,8,0,1.1,1.1,1.7,2.8,26,136,24,0.00,0.09,0.09,0.00,0.09,0.03,0.05,0.09,0.03,0.09,Matches
193,Andrés García,es ESP,"DF,MF",Aston Villa,22-098,2003,7,5,318,3.5,0,0,0,0,0,0,0,0,0.0,0.0,0.2,0.2,26,15,28,0.00,0.00,0.00,0.00,0.00,0.01,0.05,0.06,0.01,0.06,Matches
194,Alejandro Garnacho,ar ARG,"MF,FW",Manchester Utd,20-319,2004,35,23,2178,24.2,6,2,8,6,0,0,3,0,7.3,7.3,4.5,11.8,140,56,290,0.25,0.08,0.33,0.25,0.33,0.30,0.19,0.49,0.30,0.49,Matches
195,James Garner,eng ENG,"MF,DF",Everton,24-064,2001,19,15,1414,15.7,0,1,1,0,0,0,3,0,0.3,0.3,1.3,1.6,12,47,24,0.00,0.06,0.06,0.00,0.06,0.02,0.09,0.10,0.02,0.10,Matches
196,Tyrique George,eng ENG,FW,Chelsea,19-101,2006,7,0,103,1.1,1,1,2,1,0,0,1,0,0.2,0.2,0.7,0.9,9,2,18,0.87,0.87,1.75,0.87,1.75,0.17,0.63,0.80,0.17,0.80,Matches
197,Morgan Gibbs-White,eng ENG,MF,Nott'ham Forest,25-109,2000,32,32,2631,29.2,6,8,14,6,0,0,11,1,5.2,5.2,4.8,9.9,66,158,126,0.21,0.27,0.48,0.21,0.48,0.18,0.16,0.34,0.18,0.34,Matches
198,Billy Gilmour,sct SCO,MF,Brighton,23-339,2001,2,1,98,1.1,0,0,0,0,0,0,0,0,0.1,0.1,0.0,0.1,2,11,2,0.00,0.00,0.00,0.00,0.00,0.07,0.00,0.07,0.07,0.07,Matches
199,Ben Godfrey,eng ENG,DF,Ipswich Town,27-121,1998,3,2,159,1.8,0,0,0,0,0,0,1,0,0.0,0.0,0.0,0.0,2,4,1,0.00,0.00,0.00,0.00,0.00,0.00,0.00,0.00,0.00,0.00,Matches
200,Martial Godo,eng ENG,"FW,DF",Fulham,22-063,2003,2,0,24,0.3,0,0,0,0,0,0,0,0,0.0,0.0,0.1,0.1,2,3,6,0.00,0.00,0.00,0.00,0.00,0.00,0.21,0.21,0.00,0.21,Matches
Rk,Player,Nation,Pos,Squad,Age,Born,MP,Starts,Min,90s,Gls,Ast,G+A,G-PK,PK,PKatt,CrdY,CrdR,xG,npxG,xAG,npxG+xAG,PrgC,PrgP,PrgR,Gls,Ast,G+A,G-PK,G+A-PK,xG,xAG,xG+xAG,npxG,npxG+xAG,Matches
201,Michael Golding,eng ENG,MF,Leicester City,18-358,2006,1,0,1,0.0,0,0,0,0,0,0,0,0,0.0,0.0,0.0,0.0,0,0,0,0.00,0.00,0.00,0.00,0.00,0.00,0.00,0.00,0.00,0.00,Matches
202,João Gomes,br BRA,MF,Wolves,24-093,2001,34,34,2839,31.5,3,1,4,3,0,0,10,1,2.7,2.7,1.2,3.9,53,151,70,0.10,0.03,0.13,0.10,0.13,0.09,0.04,0.12,0.09,0.12,Matches
203,Rodrigo Gomes,pt POR,"DF,FW",Wolves,21-313,2003,23,6,704,7.8,2,0,2,2,0,0,0,0,0.6,0.6,0.9,1.5,22,25,72,0.26,0.00,0.26,0.26,0.26,0.07,0.12,0.19,0.07,0.19,Matches
204,Toti Gomes,pt POR,DF,Wolves,26-120,1999,29,28,2434,27.0,0,1,1,0,0,0,6,0,0.7,0.7,0.9,1.7,25,73,17,0.00,0.04,0.04,0.00,0.04,0.03,0.04,0.06,0.03,0.06,Matches
205,Diego Gómez,py PAR,MF,Brighton,22-050,2003,14,4,453,5.0,0,0,0,0,0,0,0,0,0.7,0.7,0.5,1.2,6,22,14,0.00,0.00,0.00,0.00,0.00,0.14,0.10,0.24,0.14,0.24,Matches
206,Joe Gomez,eng ENG,DF,Liverpool,27-358,1997,9,6,519,5.8,0,0,0,0,0,0,1,0,0.3,0.3,0.1,0.4,5,35,2,0.00,0.00,0.00,0.00,0.00,0.06,0.02,0.08,0.06,0.08,Matches
207,Nicolás González,es ESP,MF,Manchester City,23-133,2002,9,8,648,7.2,0,0,0,0,0,0,3,0,0.3,0.3,0.1,0.3,5,46,10,0.00,0.00,0.00,0.00,0.00,0.04,0.01,0.05,0.04,0.05,Matches
208,Anthony Gordon,eng ENG,FW,Newcastle Utd,24-081,2001,32,26,2299,25.5,6,5,11,5,1,2,2,0,8.0,6.4,4.9,11.4,113,95,203,0.23,0.20,0.43,0.20,0.39,0.31,0.19,0.51,0.25,0.44,Matches
209,Ryan Gravenberch,nl NED,MF,Liverpool,23-000,2002,35,35,3003,33.4,0,4,4,0,0,0,5,0,1.1,1.1,2.9,4.0,66,171,54,0.00,0.12,0.12,0.00,0.12,0.03,0.09,0.12,0.03,0.12,Matches
210,Archie Gray,eng ENG,"DF,MF",Tottenham,19-065,2006,26,17,1571,17.5,0,0,0,0,0,0,0,0,0.0,0.0,0.1,0.1,7,37,17,0.00,0.00,0.00,0.00,0.00,0.00,0.01,0.01,0.00,0.01,Matches
211,Jack Grealish,eng ENG,"FW,MF",Manchester City,29-248,1995,19,7,720,8.0,1,1,2,1,0,0,3,0,1.1,1.1,1.8,3.0,69,52,118,0.12,0.12,0.25,0.12,0.25,0.14,0.23,0.37,0.14,0.37,Matches
212,Jacob Greaves,eng ENG,DF,Ipswich Town,24-246,2000,23,23,2025,22.5,1,0,1,1,0,0,5,0,1.3,1.3,0.2,1.5,8,56,9,0.04,0.00,0.04,0.04,0.04,0.06,0.01,0.07,0.06,0.07,Matches
213,Brajan Gruda,de GER,"MF,FW",Brighton,20-350,2004,19,6,540,6.0,1,3,4,1,0,0,0,0,1.0,1.0,1.5,2.5,17,17,48,0.17,0.50,0.67,0.17,0.67,0.16,0.25,0.42,0.16,0.42,Matches
214,Albert Grønbaek,dk DEN,"FW,MF",Southampton,23-358,2001,4,2,143,1.6,0,0,0,0,0,0,0,0,0.1,0.1,0.0,0.1,1,1,3,0.00,0.00,0.00,0.00,0.00,0.07,0.01,0.08,0.07,0.08,Matches
215,Gonçalo Guedes,pt POR,"MF,FW",Wolves,28-168,1996,27,8,841,9.3,2,4,6,2,0,0,1,0,2.8,2.8,1.1,3.9,36,33,66,0.21,0.43,0.64,0.21,0.64,0.30,0.12,0.41,0.30,0.41,Matches
216,Marc Guéhi,eng ENG,DF,Crystal Palace,24-307,2000,34,34,3059,34.0,3,2,5,3,0,0,9,1,2.0,2.0,1.7,3.7,22,134,10,0.09,0.06,0.15,0.09,0.15,0.06,0.05,0.11,0.06,0.11,Matches
217,Luis Guilherme,br BRA,"MF,FW",West Ham,19-096,2006,11,1,138,1.5,0,0,0,0,0,0,0,0,0.3,0.3,0.1,0.4,3,3,13,0.00,0.00,0.00,0.00,0.00,0.19,0.05,0.24,0.19,0.24,Matches
218,Bruno Guimarães,br BRA,MF,Newcastle Utd,27-181,1997,36,36,3091,34.3,5,6,11,5,0,0,7,0,4.0,4.0,5.8,9.8,54,257,88,0.15,0.17,0.32,0.15,0.32,0.12,0.17,0.28,0.12,0.28,Matches
219,Marc Guiu,es ESP,FW,Chelsea,19-132,2006,3,0,73,0.8,0,0,0,0,0,0,0,0,0.0,0.0,0.0,0.0,0,0,3,0.00,0.00,0.00,0.00,0.00,0.00,0.04,0.04,0.00,0.04,Matches
220,İlkay Gündoğan,de GER,MF,Manchester City,34-204,1990,31,23,2050,22.8,0,5,5,0,0,0,1,0,2.7,2.7,2.8,5.5,57,115,86,0.00,0.22,0.22,0.00,0.22,0.12,0.12,0.24,0.12,0.24,Matches
221,Malo Gusto,fr FRA,DF,Chelsea,21-362,2003,30,19,1848,20.5,0,1,1,0,0,0,4,0,1.7,1.7,1.4,3.1,49,119,84,0.00,0.05,0.05,0.00,0.05,0.08,0.07,0.15,0.08,0.15,Matches
222,Joško Gvardiol,hr CRO,DF,Manchester City,23-113,2002,35,34,3097,34.4,5,0,5,5,0,0,2,0,4.4,4.1,2.0,6.1,87,256,112,0.15,0.00,0.15,0.15,0.15,0.13,0.06,0.19,0.12,0.18,Matches
223,Erling Haaland,no NOR,FW,Manchester City,24-299,2000,29,29,2570,28.6,21,3,24,19,2,3,2,0,20.9,18.5,2.9,21.4,20,18,110,0.74,0.11,0.84,0.67,0.77,0.73,0.10,0.83,0.65,0.75,Matches
224,Lewis Hall,eng ENG,DF,Newcastle Utd,20-250,2004,27,24,2189,24.3,0,4,4,0,0,0,3,0,0.4,0.4,4.3,4.7,41,123,80,0.00,0.16,0.16,0.00,0.16,0.02,0.18,0.19,0.02,0.19,Matches
225,Ali Al Hamadi,iq IRQ,FW,Ipswich Town,23-076,2002,11,0,134,1.5,0,0,0,0,0,0,3,0,0.4,0.4,0.1,0.4,4,3,14,0.00,0.00,0.00,0.00,0.00,0.24,0.05,0.28,0.24,0.28,Matches
Rk,Player,Nation,Pos,Squad,Age,Born,MP,Starts,Min,90s,Gls,Ast,G+A,G-PK,PK,PKatt,CrdY,CrdR,xG,npxG,xAG,npxG+xAG,PrgC,PrgP,PrgR,Gls,Ast,G+A,G-PK,G+A-PK,xG,xAG,xG+xAG,npxG,npxG+xAG,Matches
226,Marcus Harness,eng ENG,MF,Ipswich Town,29-081,1996,2,0,45,0.5,0,0,0,0,0,0,0,0,0.0,0.0,0.0,0.0,0,2,1,0.00,0.00,0.00,0.00,0.00,0.00,0.00,0.00,0.00,0.00,Matches
227,Jack Harrison,eng ENG,FW,Everton,28-177,1996,32,23,1960,21.8,1,0,1,1,0,0,0,0,3.5,3.5,3.7,7.2,71,48,121,0.05,0.00,0.05,0.05,0.05,0.16,0.17,0.33,0.16,0.33,Matches
228,Taylor Harwood-Bellis,eng ENG,DF,Southampton,23-106,2002,33,31,2744,30.5,1,0,1,1,0,0,9,0,1.8,1.8,1.0,2.8,29,121,9,0.03,0.00,0.03,0.03,0.03,0.06,0.03,0.09,0.06,0.09,Matches
229,Kai Havertz,de GER,"FW,MF",Arsenal,25-339,1999,21,21,1839,20.4,9,3,12,9,0,0,4,0,9.4,9.4,2.4,11.8,34,59,110,0.44,0.15,0.59,0.44,0.59,0.46,0.12,0.58,0.46,0.58,Matches
230,Ayden Heaven,eng ENG,DF,Manchester Utd,18-236,2006,2,1,95,1.1,0,0,0,0,0,0,0,0,0.0,0.0,0.0,0.0,1,2,1,0.00,0.00,0.00,0.00,0.00,0.00,0.00,0.00,0.00,0.00,Matches
231,Jan Paul van Hecke,nl NED,DF,Brighton,24-342,2000,32,31,2778,30.9,1,1,2,1,0,0,8,1,1.3,1.3,1.5,2.7,53,217,5,0.03,0.03,0.06,0.03,0.06,0.04,0.05,0.09,0.04,0.09,Matches
232,Hwang Hee-chan,kr KOR,"MF,FW",Wolves,29-110,1996,20,5,651,7.2,2,0,2,2,0,0,0,0,0.8,0.8,0.1,0.9,15,12,41,0.28,0.00,0.28,0.28,0.28,0.11,0.02,0.13,0.11,0.13,Matches
233,Dean Henderson,eng ENG,GK,Crystal Palace,28-065,1997,36,36,3240,36.0,0,0,0,0,0,0,3,0,0.0,0.0,0.1,0.1,0,0,0,0.00,0.00,0.00,0.00,0.00,0.00,0.00,0.00,0.00,0.00,Matches
234,Rico Henry,eng ENG,DF,Brentford,27-312,1997,4,0,83,0.9,0,0,0,0,0,0,0,0,0.0,0.0,0.0,0.0,0,1,1,0.00,0.00,0.00,0.00,0.00,0.00,0.00,0.00,0.00,0.00,Matches
235,Mads Hermansen,dk DEN,GK,Leicester City,24-309,2000,27,27,2385,26.5,0,0,0,0,0,0,1,0,0.0,0.0,0.0,0.0,0,1,0,0.00,0.00,0.00,0.00,0.00,0.00,0.00,0.00,0.00,0.00,Matches
236,Son Heung-min,kr KOR,FW,Tottenham,32-312,1992,29,23,2037,22.6,7,9,16,6,1,2,1,0,7.1,5.5,8.2,13.8,89,108,262,0.31,0.40,0.71,0.27,0.66,0.31,0.36,0.68,0.24,0.61,Matches
237,James Hill,eng ENG,DF,Bournemouth,23-126,2002,10,6,448,5.0,0,1,1,0,0,0,1,0,0.3,0.3,0.3,0.6,3,16,8,0.00,0.20,0.20,0.00,0.20,0.06,0.05,0.11,0.06,0.11,Matches
238,Jack Hinshelwood,eng ENG,"DF,MF",Brighton,20-035,2005,24,21,1745,19.4,2,2,4,2,0,0,5,0,1.5,1.5,1.3,2.8,18,63,47,0.10,0.10,0.21,0.10,0.21,0.08,0.07,0.14,0.08,0.14,Matches
239,George Hirst,sct SCO,FW,Ipswich Town,26-090,1999,24,3,522,5.8,3,1,4,3,0,0,3,0,1.9,1.9,0.3,2.2,9,13,29,0.52,0.17,0.69,0.52,0.69,0.32,0.06,0.38,0.32,0.38,Matches
240,Mason Holgate,eng ENG,"FW,DF",Everton,28-206,1996,1,0,6,0.1,0,0,0,0,0,0,0,0,0.0,0.0,0.0,0.0,0,0,0,0.00,0.00,0.00,0.00,0.00,0.00,0.00,0.00,0.00,0.00,Matches
241,Callum Hudson-Odoi,eng ENG,"FW,MF",Nott'ham Forest,24-190,2000,29,25,2152,23.9,5,2,7,5,0,0,2,0,2.5,2.5,2.7,5.2,127,66,186,0.21,0.08,0.29,0.21,0.29,0.10,0.11,0.22,0.10,0.22,Matches
242,Will Hughes,eng ENG,MF,Crystal Palace,30-029,1995,31,22,1985,22.1,0,3,3,0,0,0,11,0,1.1,1.1,3.1,4.1,19,85,26,0.00,0.14,0.14,0.00,0.14,0.05,0.14,0.19,0.05,0.19,Matches
243,Dean Huijsen,es ESP,DF,Bournemouth,20-032,2005,30,25,2324,25.8,3,1,4,3,0,0,9,0,1.9,1.9,2.0,3.8,40,128,10,0.12,0.04,0.15,0.12,0.15,0.07,0.08,0.15,0.07,0.15,Matches
244,Omari Hutchinson,eng ENG,"MF,FW",Ipswich Town,21-198,2003,29,28,2403,26.7,3,2,5,3,0,0,5,0,2.4,2.4,3.3,5.7,82,71,142,0.11,0.07,0.19,0.11,0.19,0.09,0.12,0.21,0.09,0.21,Matches
245,Rasmus Højlund,dk DEN,FW,Manchester Utd,22-101,2003,30,21,1834,20.4,4,0,4,4,0,0,2,0,5.2,5.2,1.3,6.4,27,17,94,0.20,0.00,0.20,0.20,0.20,0.25,0.06,0.31,0.25,0.31,Matches
246,Igor,br BRA,DF,Brighton,27-098,1998,12,9,903,10.0,0,0,0,0,0,0,4,0,0.0,0.0,0.2,0.2,9,44,0,0.00,0.00,0.00,0.00,0.00,0.00,0.02,0.02,0.00,0.02,Matches
247,Danny Ings,eng ENG,"FW,MF",West Ham,32-297,1992,15,1,284,3.2,1,2,3,1,0,0,0,0,2.3,2.3,1.3,3.5,6,5,29,0.32,0.63,0.95,0.32,0.95,0.72,0.41,1.12,0.72,1.12,Matches
248,Tim Iroegbunam,eng ENG,MF,Everton,21-320,2003,18,5,574,6.4,0,1,1,0,0,0,4,0,0.2,0.2,0.2,0.4,8,15,9,0.00,0.16,0.16,0.00,0.16,0.04,0.03,0.07,0.04,0.07,Matches
249,Andy Irving,sct SCO,MF,West Ham,25-003,2000,10,1,166,1.8,0,0,0,0,0,0,2,0,0.1,0.1,0.2,0.4,0,9,4,0.00,0.00,0.00,0.00,0.00,0.06,0.13,0.19,0.06,0.19,Matches
250,Alexander Isak,se SWE,FW,Newcastle Utd,25-237,1999,33,33,2666,29.6,23,6,29,19,4,4,1,0,20.2,17.1,4.3,21.4,82,84,206,0.78,0.20,0.98,0.64,0.84,0.68,0.15,0.83,0.58,0.72,Matches
Rk,Player,Nation,Pos,Squad,Age,Born,MP,Starts,Min,90s,Gls,Ast,G+A,G-PK,PK,PKatt,CrdY,CrdR,xG,npxG,xAG,npxG+xAG,PrgC,PrgP,PrgR,Gls,Ast,G+A,G-PK,G+A-PK,xG,xAG,xG+xAG,npxG,npxG+xAG,Matches
251,Alex Iwobi,ng NGA,"FW,MF",Fulham,29-013,1996,36,34,2886,32.1,9,6,15,9,0,0,1,0,4.6,4.6,7.0,11.7,140,206,234,0.28,0.19,0.47,0.28,0.47,0.15,0.22,0.36,0.15,0.36,Matches
252,Nicolas Jackson,sn SEN,FW,Chelsea,23-330,2001,30,28,2220,24.7,10,5,15,10,0,0,7,1,12.3,12.3,4.3,16.6,47,38,129,0.41,0.20,0.61,0.41,0.61,0.50,0.17,0.67,0.50,0.67,Matches
253,Reece James,eng ENG,"DF,MF",Chelsea,25-159,1999,17,10,883,9.8,1,0,1,1,0,0,1,0,0.4,0.4,0.5,0.9,6,55,12,0.10,0.00,0.10,0.10,0.10,0.04,0.06,0.09,0.04,0.09,Matches
254,Vitaly Janelt,de GER,MF,Brentford,27-006,1998,32,27,2254,25.0,1,3,4,1,0,0,3,0,0.8,0.8,2.2,3.0,17,80,38,0.04,0.12,0.16,0.04,0.16,0.03,0.09,0.12,0.03,0.12,Matches
255,Vitezslav Jaros,cz CZE,GK,Liverpool,23-297,2001,1,0,12,0.1,0,0,0,0,0,0,0,0,0.0,0.0,0.0,0.0,0,0,0,0.00,0.00,0.00,0.00,0.00,0.00,0.00,0.00,0.00,0.00,Matches
256,Daniel Jebbison,eng ENG,FW,Bournemouth,21-276,2003,14,0,83,0.9,0,0,0,0,0,0,1,0,0.7,0.7,0.2,0.9,2,3,11,0.00,0.00,0.00,0.00,0.00,0.73,0.21,0.94,0.73,0.94,Matches
257,Mathias Jensen,dk DEN,MF,Brentford,29-135,1996,22,8,835,9.3,0,2,2,0,0,0,2,0,0.2,0.2,1.6,1.8,6,56,26,0.00,0.22,0.22,0.00,0.22,0.03,0.17,0.20,0.03,0.20,Matches
258,Gabriel Jesus,br BRA,FW,Arsenal,28-043,1997,17,6,608,6.8,3,0,3,3,0,0,4,0,3.0,3.0,0.7,3.7,15,19,57,0.44,0.00,0.44,0.44,0.44,0.44,0.10,0.54,0.44,0.54,Matches
259,Raúl Jiménez,mx MEX,FW,Fulham,34-011,1991,36,28,2314,25.7,11,3,14,8,3,3,4,0,11.4,9.0,3.3,12.3,33,58,123,0.43,0.12,0.54,0.31,0.43,0.44,0.13,0.57,0.35,0.48,Matches
260,Kim Jisoo,kr KOR,DF,Brentford,20-143,2004,3,0,30,0.3,0,0,0,0,0,0,0,0,0.0,0.0,0.0,0.0,0,2,0,0.00,0.00,0.00,0.00,0.00,0.00,0.00,0.00,0.00,0.00,Matches
261,João Pedro,br BRA,"FW,MF",Brighton,23-232,2001,27,23,1948,21.6,10,6,16,5,5,5,4,1,8.9,5.0,5.0,10.0,66,78,128,0.46,0.28,0.74,0.23,0.51,0.41,0.23,0.64,0.23,0.46,Matches
262,Joelinton,br BRA,"MF,FW",Newcastle Utd,28-275,1996,29,29,2393,26.6,4,3,7,4,0,0,10,0,3.9,3.9,2.5,6.4,40,116,110,0.15,0.11,0.26,0.15,0.26,0.15,0.09,0.24,0.15,0.24,Matches
263,Ben Johnson,eng ENG,"DF,FW",Ipswich Town,25-112,2000,23,14,1354,15.0,1,2,3,1,0,0,5,1,1.1,1.1,1.3,2.3,16,27,33,0.07,0.13,0.20,0.07,0.20,0.07,0.09,0.16,0.07,0.16,Matches
264,Brennan Johnson,wls WAL,FW,Tottenham,23-358,2001,31,23,2083,23.1,11,3,14,11,0,0,5,0,9.8,9.8,2.3,12.1,57,70,194,0.48,0.13,0.60,0.48,0.60,0.43,0.10,0.52,0.43,0.52,Matches
265,Sam Johnstone,eng ENG,GK,Wolves,32-052,1993,7,7,630,7.0,0,0,0,0,0,0,0,0,0.0,0.0,0.0,0.0,0,0,0,0.00,0.00,0.00,0.00,0.00,0.00,0.00,0.00,0.00,0.00,Matches
266,Curtis Jones,eng ENG,"MF,DF",Liverpool,24-106,2001,31,18,1594,17.7,3,3,6,3,0,0,3,1,4.2,4.2,1.0,5.3,26,99,73,0.17,0.17,0.34,0.17,0.34,0.24,0.06,0.30,0.24,0.30,Matches
267,Jorginho,it ITA,MF,Arsenal,33-147,1991,14,9,703,7.8,0,0,0,0,0,0,5,0,0.1,0.1,0.4,0.5,12,48,6,0.00,0.00,0.00,0.00,0.00,0.01,0.05,0.06,0.01,0.06,Matches
268,Diogo Jota,pt POR,FW,Liverpool,28-163,1996,25,14,1166,13.0,6,3,9,6,0,0,2,0,7.6,7.6,1.8,9.4,37,33,87,0.46,0.23,0.69,0.46,0.69,0.59,0.14,0.73,0.59,0.73,Matches
269,James Justin,eng ENG,DF,Leicester City,27-082,1998,34,32,2759,30.7,2,1,3,2,0,0,6,0,1.5,1.5,0.6,2.1,39,87,94,0.07,0.03,0.10,0.07,0.10,0.05,0.02,0.07,0.05,0.07,Matches
270,Filip Jørgensen,dk DEN,GK,Chelsea,23-030,2002,6,6,540,6.0,0,0,0,0,0,0,0,0,0.0,0.0,0.0,0.0,0,0,0,0.00,0.00,0.00,0.00,0.00,0.00,0.00,0.00,0.00,0.00,Matches
271,Ferdi Kadioglu,tr TUR,"DF,MF",Brighton,25-221,1999,6,5,385,4.3,1,0,1,1,0,0,1,0,0.4,0.4,0.2,0.6,1,15,27,0.23,0.00,0.23,0.23,0.23,0.10,0.04,0.14,0.10,0.14,Matches
272,Daichi Kamada,jp JPN,MF,Crystal Palace,28-284,1996,32,14,1454,16.2,0,0,0,0,0,0,4,1,1.1,1.1,1.9,3.0,24,83,54,0.00,0.00,0.00,0.00,0.00,0.07,0.12,0.19,0.07,0.19,Matches
273,Boubacar Kamara,fr FRA,MF,Aston Villa,25-174,1999,24,18,1553,17.3,0,0,0,0,0,0,2,0,0.8,0.8,0.9,1.7,17,78,7,0.00,0.00,0.00,0.00,0.00,0.05,0.05,0.10,0.05,0.10,Matches
274,Michael Kayode,it ITA,DF,Brentford,20-310,2004,10,4,381,4.2,0,1,1,0,0,0,2,0,0.2,0.2,1.1,1.4,10,9,22,0.00,0.24,0.24,0.00,0.24,0.05,0.27,0.32,0.05,0.32,Matches
275,Michael Keane,eng ENG,DF,Everton,32-125,1993,12,10,942,10.5,3,0,3,3,0,0,5,0,0.6,0.6,0.1,0.7,1,12,3,0.29,0.00,0.29,0.29,0.29,0.06,0.01,0.07,0.06,0.07,Matches
Rk,Player,Nation,Pos,Squad,Age,Born,MP,Starts,Min,90s,Gls,Ast,G+A,G-PK,PK,PKatt,CrdY,CrdR,xG,npxG,xAG,npxG+xAG,PrgC,PrgP,PrgR,Gls,Ast,G+A,G-PK,G+A-PK,xG,xAG,xG+xAG,npxG,npxG+xAG,Matches
276,Caoimhín Kelleher,ie IRL,GK,Liverpool,26-174,1998,10,10,900,10.0,0,0,0,0,0,0,0,0,0.0,0.0,0.0,0.0,0,0,0,0.00,0.00,0.00,0.00,0.00,0.00,0.00,0.00,0.00,0.00,Matches
277,Lloyd Kelly,eng ENG,DF,Newcastle Utd,26-222,1998,10,4,303,3.4,0,1,1,0,0,0,2,0,0.4,0.4,0.5,0.9,0,9,5,0.00,0.30,0.30,0.00,0.30,0.12,0.14,0.26,0.12,0.26,Matches
278,Milos Kerkez,hu HUN,DF,Bournemouth,21-190,2003,36,36,3164,35.2,2,5,7,2,0,0,4,0,0.5,0.5,3.8,4.3,98,150,181,0.06,0.14,0.20,0.06,0.20,0.02,0.11,0.12,0.01,0.12,Matches
279,Bilal El Khannouss,ma MAR,MF,Leicester City,21-006,2004,31,26,2092,23.2,2,3,5,2,0,0,4,0,1.2,1.2,4.3,5.5,72,122,84,0.09,0.13,0.22,0.09,0.22,0.05,0.18,0.24,0.05,0.24,Matches
280,Abdukodir Khusanov,uz UZB,DF,Manchester City,21-076,2004,6,6,503,5.6,0,0,0,0,0,0,1,0,0.0,0.0,0.1,0.1,1,25,2,0.00,0.00,0.00,0.00,0.00,0.00,0.02,0.02,0.00,0.02,Matches
281,Max Kilman,eng ENG,DF,West Ham,27-358,1997,36,36,3168,35.2,0,1,1,0,0,0,4,0,1.6,1.6,1.2,2.8,30,109,6,0.00,0.03,0.03,0.00,0.03,0.05,0.03,0.08,0.05,0.08,Matches
282,Joshua King,eng ENG,MF,Fulham,18-133,2007,6,1,88,1.0,0,0,0,0,0,0,0,0,0.2,0.2,0.4,0.7,1,5,13,0.00,0.00,0.00,0.00,0.00,0.26,0.44,0.69,0.26,0.69,Matches
283,Antonín Kinský,cz CZE,GK,Tottenham,22-064,2003,5,5,450,5.0,0,0,0,0,0,0,0,0,0.0,0.0,0.1,0.1,1,1,0,0.00,0.00,0.00,0.00,0.00,0.00,0.01,0.01,0.00,0.01,Matches
284,Jakub Kiwior,pl POL,DF,Arsenal,25-090,2000,15,8,942,10.5,1,0,1,1,0,0,0,0,0.2,0.2,0.3,0.4,5,42,1,0.10,0.00,0.10,0.10,0.10,0.02,0.02,0.04,0.02,0.04,Matches
285,Justin Kluivert,nl NED,"MF,FW",Bournemouth,26-011,1999,32,27,2206,24.5,12,6,18,6,6,6,8,0,10.0,5.3,4.8,10.1,77,100,162,0.49,0.24,0.73,0.24,0.49,0.41,0.20,0.61,0.22,0.41,Matches
286,Ibrahima Konaté,fr FRA,DF,Liverpool,25-356,1999,29,28,2410,26.8,1,2,3,1,0,0,5,0,1.7,1.7,1.0,2.7,21,105,3,0.04,0.07,0.11,0.04,0.11,0.06,0.04,0.10,0.06,0.10,Matches
287,Ezri Konsa,eng ENG,DF,Aston Villa,27-205,1997,32,31,2756,30.6,1,0,1,1,0,0,1,0,0.9,0.9,0.4,1.3,17,77,11,0.03,0.00,0.03,0.03,0.03,0.03,0.01,0.04,0.03,0.04,Matches
288,Mateo Kovačić,hr CRO,MF,Manchester City,31-010,1994,30,24,2132,23.7,6,1,7,6,0,0,5,0,1.9,1.9,3.6,5.4,54,156,15,0.25,0.04,0.30,0.25,0.30,0.08,0.15,0.23,0.08,0.23,Matches
289,Caleb Kporha,eng ENG,DF,Crystal Palace,18-305,2006,2,0,13,0.1,0,0,0,0,0,0,0,0,0.0,0.0,0.0,0.0,1,0,0,0.00,0.00,0.00,0.00,0.00,0.00,0.00,0.00,0.00,0.00,Matches
290,Emil Krafth,se SWE,DF,Newcastle Utd,30-287,1994,11,2,315,3.5,0,0,0,0,0,0,1,0,0.0,0.0,0.1,0.1,5,8,3,0.00,0.00,0.00,0.00,0.00,0.01,0.03,0.03,0.01,0.03,Matches
291,Mohammed Kudus,gh GHA,"FW,MF",West Ham,24-287,2000,30,30,2493,27.7,4,3,7,4,0,0,2,1,6.7,6.7,3.0,9.7,95,77,207,0.14,0.11,0.25,0.14,0.25,0.24,0.11,0.35,0.24,0.35,Matches
292,Dejan Kulusevski,se SWE,"MF,FW",Tottenham,25-021,2000,32,27,2389,26.5,7,4,11,7,0,0,3,0,4.2,4.2,6.2,10.4,120,124,210,0.26,0.15,0.41,0.26,0.41,0.16,0.23,0.39,0.16,0.39,Matches
293,Maxence Lacroix,fr FRA,DF,Crystal Palace,25-040,2000,33,33,2936,32.6,1,1,2,1,0,0,5,0,3.4,3.4,0.8,4.2,8,63,7,0.03,0.03,0.06,0.03,0.06,0.10,0.03,0.13,0.10,0.13,Matches
294,Adam Lallana,eng ENG,MF,Southampton,37-006,1988,14,5,361,4.0,0,2,2,0,0,0,4,0,0.2,0.2,0.9,1.1,6,24,10,0.00,0.50,0.50,0.00,0.50,0.04,0.23,0.27,0.04,0.27,Matches
295,Tariq Lamptey,gh GHA,DF,Brighton,24-228,2000,15,10,860,9.6,2,2,4,2,0,0,0,0,0.4,0.4,0.8,1.2,32,14,45,0.21,0.21,0.42,0.21,0.42,0.04,0.08,0.12,0.04,0.12,Matches
296,Will Lankshear,eng ENG,"FW,MF",Tottenham,20-026,2005,3,0,11,0.1,0,0,0,0,0,0,0,0,0.0,0.0,0.0,0.0,0,0,1,0.00,0.00,0.00,0.00,0.00,0.00,0.00,0.00,0.00,0.00,Matches
297,Roméo Lavia,be BEL,MF,Chelsea,21-130,2004,14,11,758,8.4,0,1,1,0,0,0,4,0,0.2,0.2,0.7,0.9,3,31,7,0.00,0.12,0.12,0.00,0.12,0.02,0.09,0.11,0.02,0.11,Matches
298,Mario Lemina,ga GAB,"MF,DF",Wolves,31-257,1993,17,15,1364,15.2,1,3,4,1,0,0,4,0,1.4,1.4,1.1,2.5,8,48,21,0.07,0.20,0.26,0.07,0.26,0.09,0.07,0.17,0.09,0.17,Matches
299,Bernd Leno,de GER,GK,Fulham,33-073,1992,36,36,3240,36.0,0,1,1,0,0,0,4,0,0.0,0.0,0.1,0.1,0,0,0,0.00,0.03,0.03,0.00,0.03,0.00,0.00,0.00,0.00,0.00,Matches
300,Jefferson Lerma,co COL,"MF,DF",Crystal Palace,30-203,1994,31,24,2094,23.3,0,1,1,0,0,0,9,0,1.1,1.1,1.5,2.6,12,94,26,0.00,0.04,0.04,0.00,0.04,0.05,0.07,0.11,0.05,0.11,Matches
Rk,Player,Nation,Pos,Squad,Age,Born,MP,Starts,Min,90s,Gls,Ast,G+A,G-PK,PK,PKatt,CrdY,CrdR,xG,npxG,xAG,npxG+xAG,PrgC,PrgP,PrgR,Gls,Ast,G+A,G-PK,G+A-PK,xG,xAG,xG+xAG,npxG,npxG+xAG,Matches
301,Rico Lewis,eng ENG,"DF,MF",Manchester City,20-176,2004,28,21,1893,21.0,1,2,3,1,0,0,5,1,1.4,1.4,0.3,1.7,39,107,78,0.05,0.10,0.14,0.05,0.14,0.07,0.02,0.08,0.07,0.08,Matches
302,Keane Lewis-Potter,eng ENG,"DF,FW",Brentford,24-083,2001,36,34,2929,32.5,1,3,4,1,0,0,6,0,2.6,2.6,3.2,5.7,92,91,147,0.03,0.09,0.12,0.03,0.12,0.08,0.10,0.18,0.08,0.18,Matches
303,Myles Lewis-Skelly,eng ENG,DF,Arsenal,18-232,2006,21,14,1258,14.0,1,0,1,1,0,0,3,2,0.1,0.1,0.4,0.5,32,65,36,0.07,0.00,0.07,0.07,0.07,0.01,0.03,0.04,0.01,0.04,Matches
304,Matthijs de Ligt,nl NED,DF,Manchester Utd,25-277,1999,29,25,2123,23.6,2,0,2,2,0,0,3,0,2.5,2.5,0.3,2.8,7,55,6,0.08,0.00,0.08,0.08,0.08,0.10,0.01,0.12,0.10,0.12,Matches
305,Pedro Lima,br BRA,DF,Wolves,18-319,2006,3,1,70,0.8,0,0,0,0,0,0,0,0,0.1,0.1,0.1,0.1,4,4,11,0.00,0.00,0.00,0.00,0.00,0.07,0.09,0.16,0.07,0.16,Matches
306,Victor Lindelöf,se SWE,DF,Manchester Utd,30-303,1994,14,4,524,5.8,0,0,0,0,0,0,1,0,0.0,0.0,0.1,0.1,2,15,3,0.00,0.00,0.00,0.00,0.00,0.00,0.01,0.01,0.00,0.01,Matches
307,Jesper Lindstrøm,dk DEN,FW,Everton,25-076,2000,25,15,1239,13.8,0,1,1,0,0,0,2,0,2.1,2.1,2.0,4.1,30,25,81,0.00,0.07,0.07,0.00,0.07,0.15,0.15,0.30,0.15,0.30,Matches
308,Valentino Livramento,eng ENG,DF,Newcastle Utd,22-185,2002,35,30,2660,29.6,0,1,1,0,0,0,1,0,0.2,0.2,2.5,2.8,74,150,102,0.00,0.03,0.03,0.00,0.03,0.01,0.09,0.09,0.01,0.09,Matches
309,Sean Longstaff,eng ENG,MF,Newcastle Utd,27-198,1997,25,8,798,8.9,0,0,0,0,0,0,2,0,0.6,0.6,0.2,0.8,4,40,22,0.00,0.00,0.00,0.00,0.00,0.07,0.02,0.09,0.07,0.09,Matches
310,Saša Lukić,rs SRB,MF,Fulham,28-276,1996,28,26,2169,24.1,0,2,2,0,0,0,12,0,1.2,1.2,2.6,3.8,37,92,29,0.00,0.08,0.08,0.00,0.08,0.05,0.11,0.16,0.05,0.16,Matches
311,Joe Lumley,eng ENG,GK,Southampton,30-090,1995,3,3,270,3.0,0,0,0,0,0,0,0,0,0.0,0.0,0.0,0.0,0,0,0,0.00,0.00,0.00,0.00,0.00,0.00,0.00,0.00,0.00,0.00,Matches
312,Massimo Luongo,au AUS,MF,Ipswich Town,32-233,1992,9,2,196,2.2,0,0,0,0,0,0,0,0,0.0,0.0,0.0,0.0,0,5,1,0.00,0.00,0.00,0.00,0.00,0.00,0.00,0.00,0.00,0.00,Matches
313,Ian Maatsen,nl NED,DF,Aston Villa,23-067,2002,27,8,959,10.7,1,2,3,1,0,0,2,0,0.8,0.8,2.7,3.5,27,40,91,0.09,0.19,0.28,0.09,0.28,0.07,0.25,0.33,0.07,0.33,Matches
314,Alexis Mac Allister,ar ARG,MF,Liverpool,26-143,1998,35,30,2599,28.9,5,5,10,5,0,0,6,0,2.8,2.8,4.7,7.5,36,177,80,0.17,0.17,0.35,0.17,0.35,0.10,0.16,0.26,0.10,0.26,Matches
315,James Maddison,eng ENG,MF,Tottenham,28-174,1996,31,21,1809,20.1,9,7,16,9,0,0,6,0,5.8,5.8,4.2,10.0,45,164,95,0.45,0.35,0.80,0.45,0.80,0.29,0.21,0.50,0.29,0.50,Matches
316,Noni Madueke,eng ENG,FW,Chelsea,23-067,2002,30,25,1858,20.6,7,3,10,7,0,0,3,0,9.1,9.1,4.2,13.3,144,66,214,0.34,0.15,0.48,0.34,0.48,0.44,0.20,0.64,0.44,0.64,Matches
317,Gabriel Magalhães,br BRA,DF,Arsenal,27-148,1997,28,28,2363,26.3,3,1,4,3,0,0,4,0,2.6,2.6,0.9,3.5,10,126,11,0.11,0.04,0.15,0.11,0.15,0.10,0.03,0.13,0.10,0.13,Matches
318,Edmond-Paris Maghoma,eng ENG,"MF,FW",Brentford,24-008,2001,8,0,119,1.3,0,0,0,0,0,0,0,0,0.1,0.1,0.1,0.2,4,13,4,0.00,0.00,0.00,0.00,0.00,0.09,0.08,0.17,0.09,0.17,Matches
319,Harry Maguire,eng ENG,DF,Manchester Utd,32-072,1993,25,17,1578,17.5,1,0,1,1,0,0,7,0,1.8,1.8,0.6,2.3,6,46,7,0.06,0.00,0.06,0.06,0.06,0.10,0.03,0.13,0.10,0.13,Matches
320,Kobbie Mainoo,eng ENG,MF,Manchester Utd,20-027,2005,23,19,1596,17.7,0,0,0,0,0,0,5,0,0.7,0.7,1.6,2.3,22,64,45,0.00,0.00,0.00,0.00,0.00,0.04,0.09,0.13,0.04,0.13,Matches
321,Tyrell Malacia,nl NED,DF,Manchester Utd,25-272,1999,3,2,100,1.1,0,0,0,0,0,0,1,0,0.0,0.0,0.0,0.0,3,3,6,0.00,0.00,0.00,0.00,0.00,0.00,0.03,0.03,0.00,0.03,Matches
322,Donyell Malen,nl NED,FW,Aston Villa,26-127,1999,12,2,293,3.3,3,0,3,3,0,0,0,0,2.2,2.2,0.1,2.2,11,5,25,0.92,0.00,0.92,0.92,0.92,0.66,0.02,0.68,0.66,0.68,Matches
323,Mateus Mane,,MF,Wolves,,,1,0,2,0.0,0,0,0,0,0,0,0,0,0.0,0.0,0.0,0.0,0,0,0,0.00,0.00,0.00,0.00,0.00,0.00,0.00,0.00,0.00,0.00,Matches
324,Orel Mangala,be BEL,MF,Everton,27-059,1998,19,14,1261,14.0,1,0,1,1,0,0,2,0,1.1,1.1,0.6,1.8,6,34,19,0.07,0.00,0.07,0.07,0.07,0.08,0.05,0.13,0.08,0.13,Matches
325,Ryan Manning,ie IRL,"DF,MF",Southampton,28-336,1996,24,18,1462,16.2,0,1,1,0,0,0,2,0,0.3,0.3,3.2,3.6,14,35,74,0.00,0.06,0.06,0.00,0.06,0.02,0.20,0.22,0.02,0.22,Matches
Rk,Player,Nation,Pos,Squad,Age,Born,MP,Starts,Min,90s,Gls,Ast,G+A,G-PK,PK,PKatt,CrdY,CrdR,xG,npxG,xAG,npxG+xAG,PrgC,PrgP,PrgR,Gls,Ast,G+A,G-PK,G+A-PK,xG,xAG,xG+xAG,npxG,npxG+xAG,Matches
326,Solly March,eng ENG,"FW,MF",Brighton,30-300,1994,8,1,168,1.9,0,0,0,0,0,0,2,0,0.1,0.1,0.3,0.4,5,2,20,0.00,0.00,0.00,0.00,0.00,0.05,0.15,0.19,0.05,0.19,Matches
327,Omar Marmoush,eg EGY,"FW,MF",Manchester City,26-098,1999,14,12,1005,11.2,6,0,6,6,0,0,0,0,4.9,4.9,1.7,6.6,22,29,68,0.54,0.00,0.54,0.54,0.54,0.44,0.15,0.59,0.44,0.59,Matches
328,Gabriel Martinelli,br BRA,"FW,MF",Arsenal,23-332,2001,31,23,2131,23.7,8,4,12,8,0,0,1,0,6.4,6.4,4.7,11.1,116,49,276,0.34,0.17,0.51,0.34,0.51,0.27,0.20,0.47,0.27,0.47,Matches
329,Emiliano Martínez,ar ARG,GK,Aston Villa,32-256,1992,35,35,3060,34.0,0,0,0,0,0,0,5,0,0.0,0.0,0.5,0.5,0,4,0,0.00,0.00,0.00,0.00,0.00,0.00,0.02,0.02,0.00,0.02,Matches
330,Lisandro Martínez,ar ARG,DF,Manchester Utd,27-118,1998,20,20,1751,19.5,2,1,3,2,0,0,7,0,1.3,1.3,1.1,2.4,23,117,7,0.10,0.05,0.15,0.10,0.15,0.07,0.06,0.13,0.07,0.13,Matches
331,Pape Matar Sarr,sn SEN,MF,Tottenham,22-244,2002,34,20,1816,20.2,3,2,5,3,0,0,6,0,3.7,3.7,1.6,5.3,32,86,52,0.15,0.10,0.25,0.15,0.25,0.18,0.08,0.26,0.18,0.26,Matches
332,Jean-Philippe Mateta,fr FRA,FW,Crystal Palace,27-322,1997,35,32,2577,28.6,14,2,16,12,2,2,2,0,12.7,11.1,3.2,14.3,41,51,120,0.49,0.07,0.56,0.42,0.49,0.44,0.11,0.55,0.39,0.50,Matches
333,Stephy Mavididi,eng ENG,FW,Leicester City,26-350,1998,30,16,1615,17.9,4,1,5,4,0,0,2,0,1.8,1.8,2.6,4.4,91,57,138,0.22,0.06,0.28,0.22,0.28,0.10,0.15,0.25,0.10,0.25,Matches
334,Konstantinos Mavropanos,gr GRE,DF,West Ham,27-156,1997,32,20,1955,21.7,0,0,0,0,0,0,6,1,1.5,1.5,0.5,2.0,16,61,2,0.00,0.00,0.00,0.00,0.00,0.07,0.02,0.09,0.07,0.09,Matches
335,Noussair Mazraoui,ma MAR,DF,Manchester Utd,27-183,1997,35,32,2729,30.3,0,1,1,0,0,0,2,0,0.7,0.7,1.3,2.0,41,110,51,0.00,0.03,0.03,0.00,0.03,0.02,0.04,0.07,0.02,0.07,Matches
336,Bryan Mbeumo,cm CMR,FW,Brentford,25-282,1999,36,36,3234,35.9,18,7,25,13,5,5,3,0,11.0,7.1,8.1,15.2,120,133,331,0.50,0.19,0.70,0.36,0.56,0.31,0.23,0.53,0.20,0.42,Matches
337,James Mcatee,eng ENG,"MF,FW",Manchester City,22-210,2002,15,3,349,3.9,3,0,3,3,0,0,1,0,2.8,2.8,0.5,3.3,7,7,32,0.77,0.00,0.77,0.77,0.77,0.72,0.13,0.85,0.72,0.85,Matches
338,Kasey McAteer,ie IRL,"FW,MF",Leicester City,23-175,2001,16,7,688,7.6,0,1,1,0,0,0,2,0,0.9,0.9,0.7,1.6,16,11,59,0.00,0.13,0.13,0.00,0.13,0.11,0.09,0.21,0.11,0.21,Matches
339,Alex McCarthy,eng ENG,GK,Southampton,35-164,1989,5,5,450,5.0,0,0,0,0,0,0,0,0,0.0,0.0,0.0,0.0,0,0,0,0.00,0.00,0.00,0.00,0.00,0.00,0.00,0.00,0.00,0.00,Matches
340,John McGinn,sct SCO,"MF,FW",Aston Villa,30-210,1994,32,25,2073,23.0,1,4,5,1,0,0,7,0,2.9,2.6,3.4,6.0,31,99,73,0.04,0.17,0.22,0.04,0.22,0.13,0.15,0.28,0.11,0.26,Matches
341,Dwight McNeil,eng ENG,"MF,FW",Everton,25-175,1999,19,14,1292,14.4,4,5,9,4,0,0,1,0,1.1,1.1,3.9,5.0,37,64,76,0.28,0.35,0.63,0.28,0.63,0.08,0.27,0.35,0.08,0.35,Matches
342,Scott McTominay,sct SCO,MF,Manchester Utd,28-159,1996,2,0,19,0.2,0,0,0,0,0,0,0,0,0.1,0.1,0.0,0.1,0,1,2,0.00,0.00,0.00,0.00,0.00,0.33,0.00,0.33,0.33,0.33,Matches
343,Ben Mee,eng ENG,DF,Brentford,35-237,1989,7,2,183,2.0,0,0,0,0,0,0,2,0,0.0,0.0,0.0,0.0,3,11,2,0.00,0.00,0.00,0.00,0.00,0.00,0.00,0.00,0.00,0.00,Matches
344,Jayden Meghoma,eng ENG,DF,Brentford,18-322,2006,1,0,5,0.1,0,0,0,0,0,0,0,0,0.0,0.0,0.0,0.0,0,0,0,0.00,0.00,0.00,0.00,0.00,0.00,0.00,0.00,0.00,0.00,Matches
345,Mikel Merino,es ESP,"MF,FW",Arsenal,28-328,1996,27,16,1496,16.6,7,2,9,7,0,0,4,1,5.6,5.6,2.0,7.6,10,67,92,0.42,0.12,0.54,0.42,0.54,0.34,0.12,0.46,0.34,0.46,Matches
346,Shumaira Mheuka,eng ENG,MF,Chelsea,17-208,2007,1,0,1,0.0,0,0,0,0,0,0,0,0,0.1,0.1,0.0,0.1,0,0,0,0.00,0.00,0.00,0.00,0.00,5.06,0.00,5.06,5.06,5.06,Matches
347,Nikola Milenković,rs SRB,DF,Nott'ham Forest,27-216,1997,35,35,3150,35.0,4,2,6,4,0,0,4,0,3.6,3.6,1.0,4.6,3,49,6,0.11,0.06,0.17,0.11,0.17,0.10,0.03,0.13,0.10,0.13,Matches
348,Lewis Miley,eng ENG,MF,Newcastle Utd,19-015,2006,13,1,285,3.2,1,0,1,1,0,0,0,0,0.5,0.5,0.0,0.6,2,16,8,0.32,0.00,0.32,0.32,0.32,0.17,0.01,0.18,0.17,0.18,Matches
349,James Milner,eng ENG,MF,Brighton,39-132,1986,3,3,169,1.9,0,0,0,0,0,0,1,0,0.2,0.2,0.2,0.4,1,10,10,0.00,0.00,0.00,0.00,0.00,0.09,0.12,0.21,0.09,0.21,Matches
350,Tyrone Mings,eng ENG,DF,Aston Villa,32-064,1993,14,12,1120,12.4,0,0,0,0,0,0,1,0,0.8,0.8,0.2,1.0,7,40,1,0.00,0.00,0.00,0.00,0.00,0.07,0.02,0.08,0.07,0.08,Matches
Rk,Player,Nation,Pos,Squad,Age,Born,MP,Starts,Min,90s,Gls,Ast,G+A,G-PK,PK,PKatt,CrdY,CrdR,xG,npxG,xAG,npxG+xAG,PrgC,PrgP,PrgR,Gls,Ast,G+A,G-PK,G+A-PK,xG,xAG,xG+xAG,npxG,npxG+xAG,Matches
351,Yankuba Minteh,gm GAM,"FW,MF",Brighton,20-298,2004,30,18,1666,18.5,6,4,10,6,0,0,6,0,4.0,4.0,4.9,8.9,77,42,174,0.32,0.22,0.54,0.32,0.54,0.21,0.26,0.48,0.21,0.48,Matches
352,Tyrick Mitchell,eng ENG,DF,Crystal Palace,25-257,1999,36,36,3002,33.4,0,4,4,0,0,0,2,0,1.3,1.3,5.8,7.2,56,66,169,0.00,0.12,0.12,0.00,0.12,0.04,0.18,0.21,0.04,0.21,Matches
353,Kaoru Mitoma,jp JPN,"FW,MF",Brighton,27-361,1997,34,28,2532,28.1,9,3,12,9,0,0,1,0,8.8,8.8,4.4,13.2,139,82,279,0.32,0.11,0.43,0.32,0.43,0.31,0.16,0.47,0.31,0.47,Matches
354,Jakub Moder,pl POL,MF,Brighton,26-039,1999,4,0,11,0.1,0,0,0,0,0,0,0,0,0.0,0.0,0.2,0.2,2,4,0,0.00,0.00,0.00,0.00,0.00,0.00,1.45,1.45,0.00,1.45,Matches
355,Jeremy Monga,,"FW,MF",Leicester City,,,5,0,66,0.7,0,0,0,0,0,0,0,0,0.1,0.1,0.0,0.1,4,2,5,0.00,0.00,0.00,0.00,0.00,0.19,0.00,0.19,0.19,0.19,Matches
356,Mikey Moore,eng ENG,FW,Tottenham,17-278,2007,9,2,280,3.1,0,1,1,0,0,0,0,0,0.2,0.2,0.3,0.5,11,8,37,0.00,0.32,0.32,0.00,0.32,0.06,0.11,0.17,0.06,0.17,Matches
357,Morato,br BRA,DF,Nott'ham Forest,23-320,2001,25,6,899,10.0,0,0,0,0,0,0,4,0,0.2,0.2,0.0,0.2,1,18,1,0.00,0.00,0.00,0.00,0.00,0.02,0.00,0.02,0.02,0.02,Matches
358,Álex Moreno,es ESP,"DF,MF",Nott'ham Forest,31-342,1993,15,11,955,10.6,0,1,1,0,0,0,2,0,0.2,0.2,1.3,1.4,26,34,34,0.00,0.09,0.09,0.00,0.09,0.02,0.12,0.13,0.02,0.13,Matches
359,Sam Morsy,eg EGY,MF,Ipswich Town,33-248,1991,31,29,2576,28.6,1,1,2,1,0,0,10,0,0.4,0.4,0.9,1.3,18,107,9,0.03,0.03,0.07,0.03,0.07,0.01,0.03,0.04,0.01,0.04,Matches
360,Yerson Mosquera,co COL,DF,Wolves,24-014,2001,5,5,441,4.9,0,0,0,0,0,0,2,0,0.3,0.3,0.1,0.4,0,7,0,0.00,0.00,0.00,0.00,0.00,0.07,0.02,0.09,0.07,0.09,Matches
361,Mason Mount,eng ENG,MF,Manchester Utd,26-126,1999,15,6,488,5.4,1,0,1,1,0,0,3,0,2.3,2.3,0.5,2.8,12,25,28,0.18,0.00,0.18,0.18,0.18,0.43,0.09,0.52,0.43,0.52,Matches
362,Divin Mubama,eng ENG,FW,Manchester City,20-203,2004,1,0,28,0.3,0,0,0,0,0,0,0,0,0.0,0.0,0.0,0.0,0,1,0,0.00,0.00,0.00,0.00,0.00,0.12,0.00,0.12,0.12,0.12,Matches
363,Mykhailo Mudryk,ua UKR,FW,Chelsea,24-131,2001,7,1,151,1.7,0,0,0,0,0,0,0,0,0.3,0.3,1.0,1.2,7,5,12,0.00,0.00,0.00,0.00,0.00,0.15,0.58,0.73,0.15,0.73,Matches
364,Marshall Munetsi,zw ZIM,"MF,FW",Wolves,28-328,1996,12,11,968,10.8,1,1,2,1,0,0,0,0,3.2,3.2,1.6,4.7,7,8,28,0.09,0.09,0.19,0.09,0.19,0.29,0.14,0.44,0.29,0.44,Matches
365,Rodrigo Muniz,br BRA,FW,Fulham,24-012,2001,31,8,964,10.7,8,1,9,8,0,0,1,0,5.8,5.8,0.7,6.5,6,27,31,0.75,0.09,0.84,0.75,0.84,0.54,0.07,0.61,0.54,0.61,Matches
366,Daniel Muñoz,co COL,DF,Crystal Palace,28-355,1996,35,35,3048,33.9,4,5,9,4,0,0,10,0,4.9,4.9,5.4,10.3,57,93,199,0.12,0.15,0.27,0.12,0.27,0.14,0.16,0.30,0.14,0.30,Matches
367,Arijanet Muric,xk KVX,GK,Ipswich Town,26-190,1998,18,18,1620,18.0,0,0,0,0,0,0,1,0,0.0,0.0,0.0,0.0,0,1,0,0.00,0.00,0.00,0.00,0.00,0.00,0.00,0.00,0.00,0.00,Matches
368,Murillo,br BRA,DF,Nott'ham Forest,22-316,2002,34,34,3008,33.4,2,0,2,2,0,0,5,0,1.4,1.4,1.1,2.5,20,103,5,0.06,0.00,0.06,0.06,0.06,0.04,0.03,0.07,0.04,0.07,Matches
369,Jacob Murphy,eng ENG,FW,Newcastle Utd,30-081,1995,33,29,2229,24.8,8,12,20,8,0,0,4,0,5.7,5.7,8.8,14.6,73,77,225,0.32,0.48,0.81,0.32,0.81,0.23,0.36,0.59,0.23,0.59,Matches
370,Vitaliy Mykolenko,ua UKR,DF,Everton,25-352,1999,33,33,2902,32.2,1,1,2,1,0,0,3,0,0.5,0.5,1.6,2.1,31,107,92,0.03,0.03,0.06,0.03,0.06,0.01,0.05,0.07,0.01,0.07,Matches
371,Iliman Ndiaye,sn SEN,FW,Everton,25-071,2000,31,27,2282,25.4,7,0,7,5,2,2,3,0,5.2,3.6,1.6,5.2,81,52,115,0.28,0.00,0.28,0.20,0.20,0.21,0.06,0.27,0.14,0.21,Matches
372,Wilfred Ndidi,ng NGA,MF,Leicester City,28-151,1996,27,27,2237,24.9,0,4,4,0,0,0,8,0,2.0,2.0,1.9,3.9,18,67,75,0.00,0.16,0.16,0.00,0.16,0.08,0.08,0.16,0.08,0.16,Matches
373,Kosta Nedeljković,rs SRB,DF,Aston Villa,19-151,2005,5,0,126,1.4,0,0,0,0,0,0,0,0,0.0,0.0,0.0,0.0,1,6,0,0.00,0.00,0.00,0.00,0.00,0.00,0.00,0.00,0.00,0.00,Matches
374,Reiss Nelson,eng ENG,FW,Arsenal,25-157,1999,1,0,3,0.0,0,0,0,0,0,0,0,0,0.0,0.0,0.0,0.0,0,0,0,0.00,0.00,0.00,0.00,0.00,0.00,0.00,0.00,0.00,0.00,Matches
375,Reiss Nelson,eng ENG,FW,Fulham,25-157,1999,11,5,487,5.4,1,1,2,1,0,0,1,0,1.1,1.1,1.0,2.1,45,35,63,0.18,0.18,0.37,0.18,0.37,0.20,0.18,0.39,0.20,0.39,Matches
Rk,Player,Nation,Pos,Squad,Age,Born,MP,Starts,Min,90s,Gls,Ast,G+A,G-PK,PK,PKatt,CrdY,CrdR,xG,npxG,xAG,npxG+xAG,PrgC,PrgP,PrgR,Gls,Ast,G+A,G-PK,G+A-PK,xG,xAG,xG+xAG,npxG,npxG+xAG,Matches
376,Neto,br BRA,GK,Bournemouth,35-301,1989,2,2,180,2.0,0,0,0,0,0,0,0,0,0.0,0.0,0.0,0.0,0,0,0,0.00,0.00,0.00,0.00,0.00,0.00,0.00,0.00,0.00,0.00,Matches
377,Pedro Neto,pt POR,FW,Chelsea,25-068,2000,33,22,2103,23.4,4,5,9,4,0,0,8,0,3.1,3.1,6.1,9.2,119,59,241,0.17,0.21,0.39,0.17,0.39,0.13,0.26,0.40,0.13,0.40,Matches
378,Eddie Nketiah,eng ENG,"FW,MF",Crystal Palace,25-351,1999,27,8,925,10.3,1,1,2,1,0,0,6,1,4.8,4.8,1.6,6.4,39,17,72,0.10,0.10,0.19,0.10,0.19,0.47,0.16,0.62,0.47,0.62,Matches
379,Christopher Nkunku,fr FRA,FW,Chelsea,27-183,1997,27,9,921,10.2,3,2,5,3,0,0,2,0,4.8,4.8,2.1,6.9,17,25,68,0.29,0.20,0.49,0.29,0.49,0.47,0.21,0.68,0.47,0.67,Matches
380,Gustavo Nunes,br BRA,"FW,MF",Brentford,19-177,2005,3,0,12,0.1,0,0,0,0,0,0,0,0,0.0,0.0,0.0,0.0,1,0,0,0.00,0.00,0.00,0.00,0.00,0.00,0.00,0.00,0.00,0.00,Matches
381,Matheus Nunes,pt POR,"DF,MF",Manchester City,26-262,1998,24,17,1494,16.6,1,5,6,1,0,0,4,0,0.9,0.9,4.2,5.1,59,69,156,0.06,0.30,0.36,0.06,0.36,0.05,0.25,0.31,0.05,0.31,Matches
382,Darwin Núñez,uy URU,FW,Liverpool,25-326,1999,28,8,1075,11.9,5,2,7,5,0,0,8,0,5.3,5.3,1.3,6.6,23,27,73,0.42,0.17,0.59,0.42,0.59,0.44,0.11,0.55,0.44,0.55,Matches
383,Ethan Nwaneri,eng ENG,"FW,MF",Arsenal,18-056,2007,25,10,821,9.1,4,2,6,4,0,0,1,0,1.1,1.1,1.0,2.2,44,30,102,0.44,0.22,0.66,0.44,0.66,0.12,0.11,0.24,0.12,0.24,Matches
384,Christian Nørgaard,dk DEN,MF,Brentford,31-067,1994,32,32,2639,29.3,5,3,8,5,0,0,7,1,3.9,3.9,1.0,5.0,14,142,39,0.17,0.10,0.27,0.17,0.27,0.13,0.03,0.17,0.13,0.17,Matches
385,Jake O'Brien,ie IRL,DF,Everton,24-001,2001,18,15,1391,15.5,2,0,2,2,0,0,5,0,0.7,0.7,0.6,1.3,7,43,24,0.13,0.00,0.13,0.13,0.13,0.05,0.04,0.08,0.05,0.08,Matches
386,Matt O'Riley,dk DEN,MF,Brighton,24-176,2000,19,11,905,10.1,1,1,2,1,0,0,1,0,2.0,2.0,1.7,3.7,20,36,49,0.10,0.10,0.20,0.10,0.20,0.20,0.17,0.37,0.20,0.37,Matches
387,Dara O'Shea,ie IRL,DF,Ipswich Town,26-073,1999,33,33,2942,32.7,0,2,2,0,0,0,6,0,1.2,1.2,0.5,1.7,3,73,8,0.00,0.06,0.06,0.00,0.06,0.04,0.02,0.05,0.04,0.05,Matches
388,Chidozie Obi-Martin,dk DEN,FW,Manchester Utd,17-168,2007,6,1,155,1.7,0,0,0,0,0,0,1,0,0.6,0.6,0.0,0.6,2,1,12,0.00,0.00,0.00,0.00,0.00,0.35,0.00,0.35,0.35,0.35,Matches
389,Wilson Odobert,fr FRA,FW,Tottenham,20-169,2004,14,8,719,8.0,1,0,1,1,0,0,0,0,1.2,1.2,0.9,2.1,43,23,65,0.13,0.00,0.13,0.13,0.13,0.15,0.11,0.27,0.15,0.27,Matches
390,Chiedozie Ogbene,ie IRL,FW,Ipswich Town,28-015,1997,5,3,238,2.6,0,0,0,0,0,0,0,0,0.0,0.0,0.1,0.1,7,0,15,0.00,0.00,0.00,0.00,0.00,0.00,0.03,0.03,0.00,0.03,Matches
391,Caleb Okoli,it ITA,DF,Leicester City,23-307,2001,19,12,1125,12.5,1,0,1,1,0,0,4,0,0.6,0.6,0.0,0.6,3,32,2,0.08,0.00,0.08,0.08,0.08,0.05,0.00,0.05,0.05,0.05,Matches
392,Robin Olsen,se SWE,GK,Aston Villa,35-128,1990,3,1,180,2.0,0,0,0,0,0,0,0,0,0.0,0.0,0.0,0.0,0,0,0,0.00,0.00,0.00,0.00,0.00,0.00,0.00,0.00,0.00,0.00,Matches
393,Amadou Onana,be BEL,MF,Aston Villa,23-273,2001,24,18,1468,16.3,3,0,3,3,0,0,4,0,2.1,2.1,0.3,2.4,24,63,15,0.18,0.00,0.18,0.18,0.18,0.13,0.02,0.15,0.13,0.15,Matches
394,André Onana,cm CMR,GK,Manchester Utd,29-044,1996,33,33,2970,33.0,0,0,0,0,0,0,0,0,0.0,0.0,0.2,0.2,0,1,0,0.00,0.00,0.00,0.00,0.00,0.00,0.01,0.01,0.00,0.01,Matches
395,Paul Onuachu,ng NGA,FW,Southampton,30-353,1994,24,11,1029,11.4,4,1,5,4,0,0,4,0,3.6,3.6,0.5,4.1,7,13,40,0.35,0.09,0.44,0.35,0.44,0.32,0.04,0.36,0.32,0.36,Matches
396,Frank Onyeka,ng NGA,MF,Brentford,27-135,1998,2,0,25,0.3,0,0,0,0,0,0,0,0,0.0,0.0,0.0,0.0,0,1,0,0.00,0.00,0.00,0.00,0.00,0.00,0.00,0.00,0.00,0.00,Matches
397,Lewis Orford,eng ENG,MF,West Ham,19-087,2006,2,0,49,0.5,0,0,0,0,0,0,0,0,0.0,0.0,0.0,0.0,0,0,1,0.00,0.00,0.00,0.00,0.00,0.05,0.04,0.09,0.05,0.09,Matches
398,Stefan Ortega,de GER,GK,Manchester City,32-191,1992,13,12,1100,12.2,0,0,0,0,0,0,1,0,0.0,0.0,0.0,0.0,0,0,0,0.00,0.00,0.00,0.00,0.00,0.00,0.00,0.00,0.00,0.00,Matches
399,William Osula,dk DEN,FW,Newcastle Utd,21-285,2003,12,0,104,1.2,1,0,1,1,0,0,0,0,0.1,0.1,0.1,0.2,2,2,12,0.87,0.00,0.87,0.87,0.87,0.10,0.08,0.18,0.10,0.18,Matches
400,Dango Ouattara,bf BFA,FW,Bournemouth,23-094,2002,32,21,2005,22.3,7,4,11,7,0,0,3,0,8.4,8.4,5.5,13.8,79,43,191,0.31,0.18,0.49,0.31,0.49,0.38,0.25,0.62,0.38,0.62,Matches
Rk,Player,Nation,Pos,Squad,Age,Born,MP,Starts,Min,90s,Gls,Ast,G+A,G-PK,PK,PKatt,CrdY,CrdR,xG,npxG,xAG,npxG+xAG,PrgC,PrgP,PrgR,Gls,Ast,G+A,G-PK,G+A-PK,xG,xAG,xG+xAG,npxG,npxG+xAG,Matches
401,Nico O’Reilly,eng ENG,DF,Manchester City,20-056,2005,9,6,528,5.9,2,0,2,2,0,0,0,0,1.3,1.3,0.4,1.6,16,17,26,0.34,0.00,0.34,0.34,0.34,0.22,0.06,0.28,0.22,0.28,Matches
402,Alex Palmer,eng ENG,GK,Ipswich Town,28-279,1996,12,12,1080,12.0,0,0,0,0,0,0,2,0,0.0,0.0,0.0,0.0,0,1,0,0.00,0.00,0.00,0.00,0.00,0.00,0.00,0.00,0.00,0.00,Matches
403,Cole Palmer,eng ENG,MF,Chelsea,23-010,2002,35,34,3011,33.5,15,8,23,11,4,5,6,0,17.2,13.2,10.0,23.3,111,203,175,0.45,0.24,0.69,0.33,0.57,0.51,0.30,0.81,0.40,0.70,Matches
404,Emerson Palmieri,it ITA,DF,West Ham,30-286,1994,31,26,2113,23.5,2,1,3,2,0,0,5,0,2.0,2.0,1.5,3.4,47,66,83,0.09,0.04,0.13,0.09,0.13,0.08,0.06,0.15,0.08,0.15,Matches
405,Lucas Paquetá,br BRA,"MF,FW",West Ham,27-262,1997,31,27,2336,26.0,4,0,4,2,2,2,9,0,5.2,3.6,3.1,6.7,22,145,82,0.15,0.00,0.15,0.08,0.08,0.20,0.12,0.32,0.14,0.26,Matches
406,Thomas Partey,gh GHA,"MF,DF",Arsenal,31-337,1993,33,29,2617,29.1,4,2,6,4,0,0,4,0,2.0,2.0,2.0,4.0,33,173,48,0.14,0.07,0.21,0.14,0.21,0.07,0.07,0.14,0.07,0.14,Matches
407,Nathan Patterson,sct SCO,DF,Everton,23-212,2001,10,3,347,3.9,0,1,1,0,0,0,1,0,0.1,0.1,0.4,0.5,6,13,18,0.00,0.26,0.26,0.00,0.26,0.02,0.11,0.13,0.02,0.13,Matches
408,Andreas Pereira,br BRA,MF,Fulham,29-135,1996,32,24,1953,21.7,2,4,6,2,0,1,7,0,3.5,2.7,4.5,7.2,29,103,80,0.09,0.18,0.28,0.09,0.28,0.16,0.21,0.37,0.13,0.33,Matches
409,Ricardo Pereira,pt POR,DF,Leicester City,31-222,1993,8,4,342,3.8,0,0,0,0,0,0,1,0,0.1,0.1,0.0,0.1,3,14,5,0.00,0.00,0.00,0.00,0.00,0.02,0.00,0.02,0.02,0.02,Matches
410,Kalvin Phillips,eng ENG,MF,Ipswich Town,29-165,1995,19,14,1237,13.7,0,0,0,0,0,0,6,1,0.4,0.4,0.2,0.7,4,51,4,0.00,0.00,0.00,0.00,0.00,0.03,0.02,0.05,0.03,0.05,Matches
411,Jaden Philogene Bidace,eng ENG,"FW,MF",Aston Villa,23-097,2002,11,2,332,3.7,0,0,0,0,0,0,4,1,0.5,0.5,0.3,0.8,7,4,17,0.00,0.00,0.00,0.00,0.00,0.13,0.08,0.20,0.13,0.20,Matches
412,Jaden Philogene Bidace,eng ENG,"FW,DF",Ipswich Town,23-097,2002,10,5,474,5.3,2,0,2,2,0,0,1,0,2.0,2.0,0.2,2.2,13,10,36,0.38,0.00,0.38,0.38,0.38,0.37,0.05,0.42,0.37,0.42,Matches
413,Jordan Pickford,eng ENG,GK,Everton,31-070,1994,36,36,3240,36.0,0,1,1,0,0,0,7,0,0.0,0.0,0.4,0.4,0,0,0,0.00,0.03,0.03,0.00,0.03,0.00,0.01,0.01,0.00,0.01,Matches
414,Ethan Pinnock,jm JAM,DF,Brentford,31-352,1993,22,21,1913,21.3,2,0,2,2,0,0,2,0,1.1,1.1,1.2,2.3,3,41,9,0.09,0.00,0.09,0.09,0.09,0.05,0.05,0.11,0.05,0.11,Matches
415,Daniel Podence,pt POR,"MF,FW",Wolves,29-207,1995,2,0,48,0.5,0,0,0,0,0,0,0,0,0.0,0.0,0.0,0.0,1,2,3,0.00,0.00,0.00,0.00,0.00,0.07,0.00,0.07,0.07,0.07,Matches
416,Alfie Pond,eng ENG,DF,Wolves,21-076,2004,1,0,1,0.0,0,0,0,0,0,0,0,0,0.0,0.0,0.0,0.0,0,0,0,0.00,0.00,0.00,0.00,0.00,0.00,0.00,0.00,0.00,0.00,Matches
417,Nick Pope,eng ENG,GK,Newcastle Utd,33-027,1992,26,26,2340,26.0,0,0,0,0,0,0,2,0,0.0,0.0,0.0,0.0,0,1,0,0.00,0.00,0.00,0.00,0.00,0.00,0.00,0.00,0.00,0.00,Matches
418,Pedro Porro,es ESP,DF,Tottenham,25-245,1999,32,27,2520,28.0,2,6,8,2,0,0,4,0,1.6,1.6,4.4,6.0,64,152,107,0.07,0.21,0.29,0.07,0.29,0.06,0.16,0.21,0.06,0.21,Matches
419,Jarell Quansah,eng ENG,DF,Liverpool,22-107,2003,12,3,405,4.5,0,0,0,0,0,0,2,0,0.1,0.1,0.1,0.2,2,16,4,0.00,0.00,0.00,0.00,0.00,0.02,0.02,0.04,0.02,0.04,Matches
420,Hákon Rafn Valdimarsson,is ISL,GK,Brentford,23-215,2001,2,1,145,1.6,0,0,0,0,0,0,0,0,0.0,0.0,0.0,0.0,0,0,0,0.00,0.00,0.00,0.00,0.00,0.00,0.00,0.00,0.00,0.00,Matches
421,Aaron Ramsdale,eng ENG,GK,Southampton,27-002,1998,28,28,2520,28.0,0,0,0,0,0,0,2,0,0.0,0.0,0.0,0.0,0,0,0,0.00,0.00,0.00,0.00,0.00,0.00,0.00,0.00,0.00,0.00,Matches
422,Jacob Ramsey,eng ENG,"FW,MF",Aston Villa,23-353,2001,28,19,1595,17.7,1,3,4,1,0,0,4,1,1.6,1.6,2.3,3.9,60,68,110,0.06,0.17,0.23,0.06,0.23,0.09,0.13,0.22,0.09,0.22,Matches
423,Marcus Rashford,eng ENG,"FW,MF",Manchester Utd,27-197,1997,15,12,978,10.9,4,1,5,4,0,0,2,0,1.7,1.7,2.1,3.8,20,21,79,0.37,0.09,0.46,0.37,0.46,0.16,0.19,0.35,0.16,0.35,Matches
424,Marcus Rashford,eng ENG,FW,Aston Villa,27-197,1997,10,4,444,4.9,2,2,4,1,1,1,0,0,3.1,2.3,2.3,4.5,22,13,42,0.41,0.41,0.81,0.20,0.61,0.62,0.46,1.08,0.46,0.92,Matches
425,David Raya,es ESP,GK,Arsenal,29-243,1995,36,36,3240,36.0,0,0,0,0,0,0,2,0,0.0,0.0,0.0,0.0,0,13,0,0.00,0.00,0.00,0.00,0.00,0.00,0.00,0.00,0.00,0.00,Matches
Rk,Player,Nation,Pos,Squad,Age,Born,MP,Starts,Min,90s,Gls,Ast,G+A,G-PK,PK,PKatt,CrdY,CrdR,xG,npxG,xAG,npxG+xAG,PrgC,PrgP,PrgR,Gls,Ast,G+A,G-PK,G+A-PK,xG,xAG,xG+xAG,npxG,npxG+xAG,Matches
426,Harrison Reed,eng ENG,MF,Fulham,30-109,1995,12,0,108,1.2,0,0,0,0,0,0,2,0,0.2,0.2,0.1,0.3,1,4,7,0.00,0.00,0.00,0.00,0.00,0.21,0.07,0.27,0.21,0.27,Matches
427,Remy Rees-Dottin,eng ENG,FW,Bournemouth,19-071,2006,1,0,1,0.0,0,0,0,0,0,0,0,0,0.0,0.0,0.0,0.0,0,0,0,0.00,0.00,0.00,0.00,0.00,0.00,0.00,0.00,0.00,0.00,Matches
428,Sergio Reguilón,es ESP,DF,Tottenham,28-151,1996,3,0,123,1.4,0,0,0,0,0,0,2,0,0.1,0.1,0.0,0.1,4,12,10,0.00,0.00,0.00,0.00,0.00,0.05,0.02,0.07,0.05,0.07,Matches
429,Vitor Reis,br BRA,DF,Manchester City,19-124,2006,1,0,1,0.0,0,0,0,0,0,0,0,0,0.0,0.0,0.0,0.0,0,0,0,0.00,0.00,0.00,0.00,0.00,0.00,0.00,0.00,0.00,0.00,Matches
430,Chadi Riad,ma MAR,DF,Crystal Palace,21-333,2003,1,1,90,1.0,0,0,0,0,0,0,0,0,0.0,0.0,0.0,0.0,2,7,0,0.00,0.00,0.00,0.00,0.00,0.00,0.00,0.00,0.00,0.00,Matches
431,Declan Rice,eng ENG,MF,Arsenal,26-122,1999,33,31,2645,29.4,3,7,10,3,0,0,7,1,3.3,3.3,6.5,9.7,88,180,92,0.10,0.24,0.34,0.10,0.34,0.11,0.22,0.33,0.11,0.33,Matches
432,Chris Richards,us USA,DF,Crystal Palace,25-049,2000,22,20,1742,19.4,1,0,1,1,0,0,4,1,1.3,1.3,0.1,1.4,6,37,2,0.05,0.00,0.05,0.05,0.05,0.07,0.01,0.07,0.07,0.07,Matches
433,Richarlison,br BRA,FW,Tottenham,28-006,1997,13,4,475,5.3,4,1,5,4,0,0,2,0,3.7,3.7,0.9,4.6,8,11,22,0.76,0.19,0.95,0.76,0.95,0.70,0.17,0.87,0.70,0.87,Matches
434,Andrew Robertson,sct SCO,DF,Liverpool,31-066,1994,32,28,2398,26.6,0,1,1,0,0,0,3,1,1.2,1.2,4.6,5.8,62,167,97,0.00,0.04,0.04,0.00,0.04,0.04,0.17,0.22,0.04,0.22,Matches
435,Antonee Robinson,us USA,DF,Fulham,27-281,1997,34,33,2989,33.2,0,10,10,0,0,0,8,0,0.7,0.7,4.1,4.8,114,123,265,0.00,0.30,0.30,0.00,0.30,0.02,0.12,0.15,0.02,0.15,Matches
436,Jay Robinson,eng ENG,"MF,FW",Southampton,18-062,2007,2,0,36,0.4,0,0,0,0,0,0,0,0,0.0,0.0,0.0,0.0,1,0,2,0.00,0.00,0.00,0.00,0.00,0.00,0.10,0.10,0.00,0.10,Matches
437,Rodri,es ESP,MF,Manchester City,28-328,1996,2,1,65,0.7,0,0,0,0,0,0,0,0,0.0,0.0,0.0,0.0,0,4,1,0.00,0.00,0.00,0.00,0.00,0.00,0.06,0.06,0.00,0.06,Matches
438,Guido Rodríguez,ar ARG,MF,West Ham,31-034,1994,21,15,1081,12.0,0,0,0,0,0,0,5,0,0.2,0.2,0.1,0.3,3,31,5,0.00,0.00,0.00,0.00,0.00,0.02,0.01,0.03,0.02,0.03,Matches
439,Mads Roerslev,dk DEN,DF,Brentford,25-326,1999,19,11,1101,12.2,0,2,2,0,0,0,2,0,0.2,0.2,3.0,3.2,17,51,54,0.00,0.16,0.16,0.00,0.16,0.02,0.24,0.26,0.02,0.26,Matches
440,Morgan Rogers,eng ENG,"FW,MF",Aston Villa,22-294,2002,35,35,2941,32.7,8,9,17,8,0,0,9,0,6.2,6.2,7.7,13.9,108,117,178,0.24,0.28,0.52,0.24,0.52,0.19,0.24,0.43,0.19,0.43,Matches
441,Cristian Romero,ar ARG,DF,Tottenham,27-019,1998,18,18,1416,15.7,1,0,1,1,0,0,3,0,1.6,1.6,0.6,2.2,12,71,3,0.06,0.00,0.06,0.06,0.06,0.10,0.04,0.14,0.10,0.14,Matches
442,Georginio Rutter,fr FRA,"MF,FW",Brighton,23-026,2002,28,19,1656,18.4,5,3,8,5,0,0,2,0,4.6,4.6,2.5,7.1,42,67,79,0.27,0.16,0.43,0.27,0.43,0.25,0.14,0.39,0.25,0.39,Matches
443,José Sá,pt POR,GK,Wolves,32-119,1993,28,28,2520,28.0,0,0,0,0,0,0,2,0,0.0,0.0,0.1,0.1,0,2,0,0.00,0.00,0.00,0.00,0.00,0.00,0.01,0.01,0.00,0.01,Matches
444,Bukayo Saka,eng ENG,"FW,MF",Arsenal,23-253,2001,23,19,1626,18.1,6,10,16,5,1,1,3,0,6.7,5.9,7.0,12.9,89,66,241,0.33,0.55,0.89,0.28,0.83,0.37,0.39,0.76,0.33,0.71,Matches
445,Mohamed Salah,eg EGY,FW,Liverpool,32-335,1992,36,36,3191,35.5,28,18,46,19,9,9,1,0,24.0,17.0,13.5,30.5,148,137,455,0.79,0.51,1.30,0.54,1.04,0.68,0.38,1.06,0.48,0.86,Matches
446,William Saliba,fr FRA,DF,Arsenal,24-053,2001,34,34,2994,33.3,2,0,2,2,0,0,2,1,2.3,2.3,0.9,3.1,16,138,6,0.06,0.00,0.06,0.06,0.06,0.07,0.03,0.09,0.07,0.09,Matches
447,Robert Sánchez,es ESP,GK,Chelsea,27-179,1997,30,30,2700,30.0,0,0,0,0,0,0,5,0,0.0,0.0,0.1,0.1,0,1,0,0.00,0.00,0.00,0.00,0.00,0.00,0.00,0.00,0.00,0.00,Matches
448,Jadon Sancho,eng ENG,FW,Chelsea,25-052,2000,30,18,1703,18.9,3,4,7,3,0,0,2,0,2.2,2.2,3.7,5.8,100,88,221,0.16,0.21,0.37,0.16,0.37,0.11,0.19,0.31,0.11,0.31,Matches
449,Ibrahim Sangaré,ci CIV,MF,Nott'ham Forest,27-165,1997,11,5,452,5.0,0,1,1,0,0,0,3,0,0.0,0.0,0.4,0.4,1,21,3,0.00,0.20,0.20,0.00,0.20,0.00,0.08,0.08,0.00,0.08,Matches
450,Pablo Sarabia,es ESP,"MF,FW",Wolves,33-005,1992,22,6,748,8.3,3,2,5,3,0,0,3,0,2.9,2.9,1.6,4.5,12,57,54,0.36,0.24,0.60,0.36,0.60,0.35,0.19,0.54,0.35,0.54,Matches
Rk,Player,Nation,Pos,Squad,Age,Born,MP,Starts,Min,90s,Gls,Ast,G+A,G-PK,PK,PKatt,CrdY,CrdR,xG,npxG,xAG,npxG+xAG,PrgC,PrgP,PrgR,Gls,Ast,G+A,G-PK,G+A-PK,xG,xAG,xG+xAG,npxG,npxG+xAG,Matches
451,Jeremy Sarmiento,ec ECU,MF,Brighton,22-334,2002,1,0,9,0.1,0,0,0,0,0,0,0,0,0.0,0.0,0.0,0.0,0,0,2,0.00,0.00,0.00,0.00,0.00,0.00,0.00,0.00,0.00,0.00,Matches
452,Ismaila Sarr,sn SEN,MF,Crystal Palace,27-080,1998,36,28,2559,28.4,7,5,12,7,0,0,4,0,9.8,9.8,7.8,17.6,71,81,175,0.25,0.18,0.42,0.25,0.42,0.34,0.27,0.62,0.34,0.62,Matches
453,Sávio,br BRA,"FW,MF",Manchester City,21-036,2004,28,21,1749,19.4,1,8,9,1,0,0,3,0,5.0,5.0,6.9,11.9,135,66,244,0.05,0.41,0.46,0.05,0.46,0.26,0.35,0.61,0.26,0.61,Matches
454,Oliver Scarles,eng ENG,DF,West Ham,19-155,2005,14,6,594,6.6,0,0,0,0,0,0,1,0,0.1,0.1,0.0,0.1,11,21,39,0.00,0.00,0.00,0.00,0.00,0.02,0.00,0.02,0.02,0.02,Matches
455,Dane Scarlett,eng ENG,"FW,MF",Tottenham,21-053,2004,3,0,34,0.4,0,1,1,0,0,0,0,0,0.0,0.0,0.0,0.1,1,1,1,0.00,2.65,2.65,0.00,2.65,0.09,0.12,0.22,0.09,0.22,Matches
456,Kevin Schade,de GER,FW,Brentford,23-170,2001,36,24,2140,23.8,11,2,13,11,0,0,3,0,8.0,8.0,3.6,11.6,57,33,154,0.46,0.08,0.55,0.46,0.55,0.34,0.15,0.49,0.34,0.49,Matches
457,Fabian Schär,ch SUI,DF,Newcastle Utd,33-147,1991,32,31,2754,30.6,4,0,4,4,0,0,8,1,2.4,2.4,0.4,2.8,14,108,19,0.13,0.00,0.13,0.13,0.13,0.08,0.01,0.09,0.08,0.09,Matches
458,Jeffrey Schlupp,gh GHA,"MF,DF",Crystal Palace,32-144,1992,12,0,103,1.1,0,0,0,0,0,0,0,0,0.2,0.2,0.2,0.3,4,5,9,0.00,0.00,0.00,0.00,0.00,0.14,0.14,0.28,0.14,0.28,Matches
459,Alex Scott,eng ENG,MF,Bournemouth,21-268,2003,19,8,754,8.4,0,0,0,0,0,0,3,0,0.7,0.7,0.9,1.6,15,52,33,0.00,0.00,0.00,0.00,0.00,0.08,0.11,0.19,0.08,0.19,Matches
460,Matz Sels,be BEL,GK,Nott'ham Forest,33-079,1992,36,36,3240,36.0,0,0,0,0,0,0,4,0,0.0,0.0,0.0,0.0,0,1,0,0.00,0.00,0.00,0.00,0.00,0.00,0.00,0.00,0.00,0.00,Matches
461,Nélson Semedo,pt POR,DF,Wolves,31-181,1993,32,31,2751,30.6,0,4,4,0,0,0,7,0,0.8,0.8,2.8,3.6,63,74,113,0.00,0.13,0.13,0.00,0.13,0.03,0.09,0.12,0.03,0.12,Matches
462,Antoine Semenyo,gh GHA,FW,Bournemouth,25-129,2000,35,34,3023,33.6,9,5,14,9,0,0,9,0,9.5,9.5,5.8,15.3,137,107,270,0.27,0.15,0.42,0.27,0.42,0.28,0.17,0.46,0.28,0.46,Matches
463,Marcos Senesi,ar ARG,DF,Bournemouth,28-006,1997,16,12,1029,11.4,0,0,0,0,0,0,5,0,0.8,0.8,0.2,1.1,12,54,6,0.00,0.00,0.00,0.00,0.00,0.07,0.02,0.09,0.07,0.09,Matches
464,Ryan Sessegnon,eng ENG,"FW,DF",Fulham,24-363,2000,14,7,552,6.1,4,2,6,4,0,0,1,0,1.6,1.6,1.0,2.6,15,20,56,0.65,0.33,0.98,0.65,0.98,0.27,0.16,0.42,0.27,0.42,Matches
465,Luke Shaw,eng ENG,DF,Manchester Utd,29-308,1995,6,3,269,3.0,0,0,0,0,0,0,1,0,0.0,0.0,0.7,0.7,7,23,7,0.00,0.00,0.00,0.00,0.00,0.01,0.24,0.25,0.01,0.25,Matches
466,Zain Silcott-Duberry,ms MSR,FW,Bournemouth,19-311,2005,1,0,1,0.0,0,0,0,0,0,0,0,0,0.0,0.0,0.0,0.0,0,0,0,0.00,0.00,0.00,0.00,0.00,0.00,0.00,0.00,0.00,0.00,Matches
467,Bernardo Silva,pt POR,"MF,FW",Manchester City,30-279,1994,31,27,2491,27.7,3,4,7,3,0,0,7,0,3.6,3.6,4.4,8.0,98,122,191,0.11,0.14,0.25,0.11,0.25,0.13,0.16,0.29,0.13,0.29,Matches
468,Jota Silva,pt POR,"FW,MF",Nott'ham Forest,25-288,1999,29,5,845,9.4,3,1,4,3,0,0,5,0,2.0,2.0,2.9,4.9,20,18,58,0.32,0.11,0.43,0.32,0.43,0.22,0.31,0.52,0.22,0.52,Matches
469,Eric da Silva Moreira,de GER,"MF,DF",Nott'ham Forest,19-013,2006,2,0,30,0.3,0,0,0,0,0,0,0,0,0.0,0.0,0.0,0.0,1,0,1,0.00,0.00,0.00,0.00,0.00,0.00,0.00,0.00,0.00,0.00,Matches
470,Jahmai Simpson-Pusey,eng ENG,DF,Manchester City,19-193,2005,2,1,96,1.1,0,0,0,0,0,0,1,0,0.0,0.0,0.0,0.0,1,3,0,0.00,0.00,0.00,0.00,0.00,0.00,0.00,0.00,0.00,0.00,Matches
471,Luis Sinisterra,co COL,"FW,MF",Bournemouth,25-333,1999,12,1,236,2.6,1,1,2,1,0,0,0,0,1.2,1.2,1.4,2.6,19,6,38,0.38,0.38,0.76,0.38,0.76,0.46,0.54,1.00,0.46,1.00,Matches
472,Oliver Skipp,eng ENG,MF,Leicester City,24-242,2000,22,9,1055,11.7,0,0,0,0,0,0,8,0,0.2,0.2,0.3,0.4,16,34,19,0.00,0.00,0.00,0.00,0.00,0.01,0.02,0.04,0.01,0.04,Matches
473,William Smallbone,ie IRL,MF,Southampton,25-084,2000,16,6,647,7.2,1,0,1,1,0,0,1,0,0.4,0.4,0.6,1.1,5,25,23,0.14,0.00,0.14,0.14,0.14,0.06,0.09,0.15,0.06,0.15,Matches
474,Adam Smith,eng ENG,DF,Bournemouth,34-017,1991,23,18,1478,16.4,0,0,0,0,0,0,7,0,0.7,0.7,0.3,1.0,12,43,32,0.00,0.00,0.00,0.00,0.00,0.04,0.02,0.06,0.04,0.06,Matches
475,Emile Smith Rowe,eng ENG,MF,Fulham,24-292,2000,32,24,1948,21.6,6,3,9,6,0,0,2,0,4.4,4.4,1.3,5.7,52,121,121,0.28,0.14,0.42,0.28,0.42,0.20,0.06,0.27,0.20,0.27,Matches
Rk,Player,Nation,Pos,Squad,Age,Born,MP,Starts,Min,90s,Gls,Ast,G+A,G-PK,PK,PKatt,CrdY,CrdR,xG,npxG,xAG,npxG+xAG,PrgC,PrgP,PrgR,Gls,Ast,G+A,G-PK,G+A-PK,xG,xAG,xG+xAG,npxG,npxG+xAG,Matches
476,Dominic Solanke,eng ENG,FW,Tottenham,27-244,1997,25,24,2119,23.5,8,3,11,8,0,0,0,0,10.1,10.1,2.9,13.1,29,45,88,0.34,0.13,0.47,0.34,0.47,0.43,0.13,0.56,0.43,0.56,Matches
477,Carlos Soler,es ESP,"MF,FW",West Ham,28-134,1997,30,14,1376,15.3,1,1,2,1,0,0,5,0,1.7,1.7,1.2,2.9,16,52,34,0.07,0.07,0.13,0.07,0.13,0.11,0.08,0.19,0.11,0.19,Matches
478,Julio Soler,ar ARG,FW,Bournemouth,20-089,2005,1,0,2,0.0,0,0,0,0,0,0,0,0,0.0,0.0,0.0,0.0,0,0,0,0.00,0.00,0.00,0.00,0.00,0.00,0.00,0.00,0.00,0.00,Matches
479,Ramón Sosa,py PAR,"FW,MF",Nott'ham Forest,25-258,1999,19,1,295,3.3,1,0,1,1,0,0,1,0,1.0,1.0,0.5,1.5,12,6,17,0.31,0.00,0.31,0.31,0.31,0.31,0.15,0.45,0.31,0.45,Matches
480,Tomáš Souček,cz CZE,MF,West Ham,30-078,1995,33,28,2420,26.9,9,1,10,9,0,0,8,0,6.6,6.6,1.0,7.6,8,70,67,0.33,0.04,0.37,0.33,0.37,0.24,0.04,0.28,0.24,0.28,Matches
481,Boubakary Soumaré,fr FRA,MF,Leicester City,26-078,1999,29,23,1991,22.1,0,0,0,0,0,0,8,0,0.3,0.3,0.4,0.7,32,100,22,0.00,0.00,0.00,0.00,0.00,0.01,0.02,0.03,0.01,0.03,Matches
482,Djed Spence,eng ENG,DF,Tottenham,24-280,2000,23,18,1694,18.8,1,2,3,1,0,0,4,1,0.6,0.6,1.8,2.3,58,103,70,0.05,0.11,0.16,0.05,0.16,0.03,0.09,0.12,0.03,0.12,Matches
483,Jay Stansfield,eng ENG,MF,Fulham,22-173,2002,1,0,1,0.0,0,0,0,0,0,0,0,0,0.0,0.0,0.0,0.0,0,0,0,0.00,0.00,0.00,0.00,0.00,0.00,0.00,0.00,0.00,0.00,Matches
484,Jason Steele,eng ENG,GK,Brighton,34-271,1990,2,2,180,2.0,0,0,0,0,0,0,0,0,0.0,0.0,0.0,0.0,0,0,0,0.00,0.00,0.00,0.00,0.00,0.00,0.00,0.00,0.00,0.00,Matches
485,Jack Stephens,eng ENG,DF,Southampton,31-109,1994,18,16,1299,14.4,1,0,1,1,0,0,2,2,0.6,0.6,0.2,0.7,13,53,2,0.07,0.00,0.07,0.07,0.07,0.04,0.01,0.05,0.04,0.05,Matches
486,Raheem Sterling,eng ENG,"FW,MF",Arsenal,30-159,1994,16,6,437,4.9,0,2,2,0,0,0,1,0,1.3,1.3,0.5,1.8,25,17,73,0.00,0.41,0.41,0.00,0.41,0.27,0.10,0.37,0.27,0.37,Matches
487,Ross Stewart,sct SCO,FW,Southampton,28-309,1996,10,3,289,3.2,0,0,0,0,0,0,1,0,0.3,0.3,0.0,0.3,1,2,6,0.00,0.00,0.00,0.00,0.00,0.08,0.00,0.08,0.08,0.08,Matches
488,Jakub Stolarczyk,pl POL,GK,Leicester City,24-148,2000,8,8,720,8.0,0,0,0,0,0,0,1,0,0.0,0.0,0.0,0.0,0,1,0,0.00,0.00,0.00,0.00,0.00,0.00,0.00,0.00,0.00,0.00,Matches
489,John Stones,eng ENG,"DF,MF",Manchester City,30-353,1994,11,6,548,6.1,2,0,2,2,0,0,1,0,0.4,0.4,0.1,0.5,10,21,2,0.33,0.00,0.33,0.33,0.33,0.07,0.01,0.08,0.07,0.08,Matches
490,Jørgen Strand Larsen,no NOR,FW,Wolves,25-099,2000,33,29,2495,27.7,13,2,15,13,0,0,4,0,10.0,10.0,2.4,12.4,17,29,108,0.47,0.07,0.54,0.47,0.54,0.36,0.09,0.45,0.36,0.45,Matches
491,Yukinari Sugawara,jp JPN,"DF,MF",Southampton,24-322,2000,29,15,1467,16.3,1,1,2,1,0,0,4,0,0.5,0.5,2.2,2.7,32,68,76,0.06,0.06,0.12,0.06,0.12,0.03,0.14,0.17,0.03,0.17,Matches
492,Kamaldeen Sulemana,gh GHA,"FW,MF",Southampton,23-090,2002,24,15,1265,14.1,1,1,2,1,0,0,2,0,1.4,1.4,1.0,2.4,59,26,81,0.07,0.07,0.14,0.07,0.14,0.10,0.07,0.17,0.10,0.17,Matches
493,Crysencio Summerville,nl NED,"FW,MF",West Ham,23-198,2001,19,7,786,8.7,1,1,2,1,0,0,2,0,1.6,1.6,1.7,3.3,29,18,71,0.11,0.11,0.23,0.11,0.23,0.19,0.19,0.38,0.19,0.38,Matches
494,Sammie Szmodics,ie IRL,"FW,MF",Ipswich Town,29-234,1995,19,13,979,10.9,4,0,4,4,0,0,2,0,3.4,3.4,0.2,3.6,16,18,46,0.37,0.00,0.37,0.37,0.37,0.31,0.02,0.33,0.31,0.33,Matches
495,Dominik Szoboszlai,hu HUN,MF,Liverpool,24-203,2000,34,27,2369,26.3,5,6,11,5,0,0,6,0,7.2,7.2,7.2,14.4,68,121,122,0.19,0.23,0.42,0.19,0.42,0.27,0.27,0.55,0.27,0.55,Matches
496,Matt Targett,eng ENG,DF,Newcastle Utd,29-240,1995,2,0,21,0.2,0,0,0,0,0,0,0,0,0.0,0.0,0.0,0.0,0,0,1,0.00,0.00,0.00,0.00,0.00,0.00,0.00,0.00,0.00,0.00,Matches
497,James Tarkowski,eng ENG,DF,Everton,32-178,1992,33,33,2922,32.5,1,1,2,1,0,0,6,0,1.3,1.3,2.9,4.2,9,75,3,0.03,0.03,0.06,0.03,0.06,0.04,0.09,0.13,0.04,0.13,Matches
498,Marcus Tavernier,eng ENG,"FW,MF",Bournemouth,26-055,1999,27,18,1760,19.6,3,5,8,3,0,0,5,0,5.3,5.3,2.9,8.2,49,109,118,0.15,0.26,0.41,0.15,0.41,0.27,0.15,0.42,0.27,0.42,Matches
499,Charlie Taylor,eng ENG,DF,Southampton,31-240,1993,7,2,266,3.0,0,0,0,0,0,0,1,0,0.0,0.0,0.1,0.1,3,8,6,0.00,0.00,0.00,0.00,0.00,0.00,0.03,0.03,0.00,0.03,Matches
500,Jack Taylor,ie IRL,MF,Ipswich Town,26-327,1998,30,4,827,9.2,1,0,1,1,0,0,4,0,0.7,0.7,0.5,1.3,11,42,22,0.11,0.00,0.11,0.11,0.11,0.08,0.06,0.14,0.08,0.14,Matches
Rk,Player,Nation,Pos,Squad,Age,Born,MP,Starts,Min,90s,Gls,Ast,G+A,G-PK,PK,PKatt,CrdY,CrdR,xG,npxG,xAG,npxG+xAG,PrgC,PrgP,PrgR,Gls,Ast,G+A,G-PK,G+A-PK,xG,xAG,xG+xAG,npxG,npxG+xAG,Matches
501,Mathys Tel,fr FRA,FW,Tottenham,20-019,2005,11,9,739,8.2,2,1,3,1,1,1,1,0,2.3,1.5,1.5,3.0,22,19,60,0.24,0.12,0.37,0.12,0.24,0.28,0.19,0.47,0.18,0.37,Matches
502,Kenny Tete,nl NED,DF,Fulham,29-219,1995,20,19,1594,17.7,0,2,2,0,0,0,4,0,1.2,1.2,0.9,2.2,33,55,49,0.00,0.11,0.11,0.00,0.11,0.07,0.05,0.12,0.07,0.12,Matches
503,Thiago,br BRA,FW,Brentford,23-324,2001,6,1,148,1.6,0,0,0,0,0,0,0,0,0.1,0.1,0.1,0.2,3,3,5,0.00,0.00,0.00,0.00,0.00,0.06,0.04,0.10,0.06,0.10,Matches
504,Luke Thomas,eng ENG,DF,Leicester City,23-340,2001,12,11,949,10.5,0,0,0,0,0,0,2,0,0.4,0.4,0.4,0.8,4,33,15,0.00,0.00,0.00,0.00,0.00,0.03,0.04,0.08,0.03,0.08,Matches
505,Youri Tielemans,be BEL,MF,Aston Villa,28-009,1997,35,35,2997,33.3,3,7,10,3,0,1,4,0,3.1,2.3,6.9,9.2,39,234,48,0.09,0.21,0.30,0.09,0.30,0.09,0.21,0.30,0.07,0.28,Matches
506,Kieran Tierney,sct SCO,"DF,FW",Arsenal,27-345,1997,11,1,194,2.2,0,0,0,0,0,0,0,0,0.2,0.2,0.9,1.1,5,12,22,0.00,0.00,0.00,0.00,0.00,0.10,0.40,0.50,0.10,0.50,Matches
507,Jurriën Timber,nl NED,DF,Arsenal,23-333,2001,30,27,2417,26.9,1,3,4,1,0,0,7,0,1.2,1.2,0.8,2.1,57,146,104,0.04,0.11,0.15,0.04,0.15,0.05,0.03,0.08,0.05,0.08,Matches
508,Jean-Clair Todibo,fr FRA,DF,West Ham,25-137,1999,25,18,1646,18.3,0,0,0,0,0,0,2,0,0.2,0.2,0.0,0.2,9,35,5,0.00,0.00,0.00,0.00,0.00,0.01,0.00,0.01,0.01,0.01,Matches
509,Harry Toffolo,eng ENG,DF,Nott'ham Forest,29-270,1995,4,1,137,1.5,0,0,0,0,0,0,1,0,0.0,0.0,0.0,0.0,0,2,4,0.00,0.00,0.00,0.00,0.00,0.01,0.00,0.01,0.01,0.01,Matches
510,Takehiro Tomiyasu,jp JPN,DF,Arsenal,26-192,1998,1,0,7,0.1,0,0,0,0,0,0,0,0,0.2,0.2,0.0,0.2,0,1,0,0.00,0.00,0.00,0.00,0.00,2.37,0.00,2.37,2.37,2.37,Matches
511,Sandro Tonali,it ITA,MF,Newcastle Utd,25-008,2000,34,26,2450,27.2,4,2,6,4,0,0,5,0,4.3,4.3,1.4,5.8,33,117,49,0.15,0.07,0.22,0.15,0.22,0.16,0.05,0.21,0.16,0.21,Matches
512,Pau Torres,es ESP,DF,Aston Villa,28-120,1997,22,21,1840,20.4,0,0,0,0,0,0,1,0,0.5,0.5,0.1,0.6,33,77,4,0.00,0.00,0.00,0.00,0.00,0.03,0.00,0.03,0.03,0.03,Matches
513,Conor Townsend,eng ENG,DF,Ipswich Town,32-073,1993,6,3,335,3.7,0,1,1,0,0,0,1,0,0.0,0.0,0.7,0.7,2,8,13,0.00,0.27,0.27,0.00,0.27,0.01,0.18,0.18,0.01,0.18,Matches
514,Adama Traoré,es ESP,"FW,MF",Fulham,29-111,1996,34,16,1620,18.0,2,6,8,2,0,0,3,0,3.9,3.9,4.7,8.6,91,64,148,0.11,0.33,0.44,0.11,0.44,0.22,0.26,0.48,0.22,0.48,Matches
515,Boubacar Traoré,ml MLI,MF,Wolves,23-269,2001,1,0,1,0.0,0,0,0,0,0,0,0,0,0.0,0.0,0.0,0.0,0,0,0,0.00,0.00,0.00,0.00,0.00,0.00,0.00,0.00,0.00,0.00,Matches
516,Mark Travers,ie IRL,GK,Bournemouth,25-363,1999,5,5,450,5.0,0,0,0,0,0,0,0,0,0.0,0.0,0.0,0.0,0,0,0,0.00,0.00,0.00,0.00,0.00,0.00,0.00,0.00,0.00,0.00,Matches
517,Ryan Trevitt,eng ENG,MF,Brentford,22-065,2003,1,0,4,0.0,0,0,0,0,0,0,0,0,0.0,0.0,0.0,0.0,0,0,1,0.00,0.00,0.00,0.00,0.00,0.00,0.00,0.00,0.00,0.00,Matches
518,Kieran Trippier,eng ENG,DF,Newcastle Utd,34-239,1990,24,14,1281,14.2,0,3,3,0,0,0,1,0,0.1,0.1,1.3,1.3,25,111,53,0.00,0.21,0.21,0.00,0.21,0.01,0.09,0.09,0.01,0.09,Matches
519,Leandro Trossard,be BEL,FW,Arsenal,30-163,1994,36,27,2431,27.0,8,6,14,8,0,0,4,1,7.1,7.1,6.0,13.0,79,99,216,0.30,0.22,0.52,0.30,0.52,0.26,0.22,0.48,0.26,0.48,Matches
520,Kostas Tsimikas,gr GRE,DF,Liverpool,29-004,1996,17,8,747,8.3,0,1,1,0,0,0,2,0,0.4,0.4,2.1,2.5,16,71,42,0.00,0.12,0.12,0.00,0.12,0.05,0.26,0.30,0.05,0.30,Matches
521,Axel Tuanzebe,cd COD,DF,Ipswich Town,27-183,1997,20,18,1530,17.0,0,1,1,0,0,0,5,1,0.2,0.2,0.3,0.5,9,49,9,0.00,0.06,0.06,0.00,0.06,0.01,0.02,0.03,0.01,0.03,Matches
522,Destiny Udogie,it ITA,DF,Tottenham,22-169,2002,24,23,1834,20.4,0,1,1,0,0,0,2,0,0.3,0.3,1.5,1.8,54,120,93,0.00,0.05,0.05,0.00,0.05,0.01,0.07,0.09,0.01,0.09,Matches
523,Manuel Ugarte Ribeiro,uy URU,MF,Manchester Utd,24-035,2001,28,22,1764,19.6,1,2,3,1,0,0,10,0,1.0,1.0,1.1,2.1,16,60,20,0.05,0.10,0.15,0.05,0.15,0.05,0.06,0.11,0.05,0.11,Matches
524,Lesley Ugochukwu,fr FRA,MF,Southampton,21-051,2004,25,17,1570,17.4,1,1,2,1,0,0,7,0,0.9,0.9,1.0,1.9,29,49,20,0.06,0.06,0.11,0.06,0.11,0.05,0.06,0.11,0.05,0.11,Matches
525,Enes Ünal,tr TUR,"FW,MF",Bournemouth,28-006,1997,17,2,345,3.8,2,1,3,2,0,0,2,0,2.7,2.7,0.4,3.1,4,12,22,0.52,0.26,0.78,0.52,0.78,0.72,0.10,0.82,0.72,0.82,Matches
Rk,Player,Nation,Pos,Squad,Age,Born,MP,Starts,Min,90s,Gls,Ast,G+A,G-PK,PK,PKatt,CrdY,CrdR,xG,npxG,xAG,npxG+xAG,PrgC,PrgP,PrgR,Gls,Ast,G+A,G-PK,G+A-PK,xG,xAG,xG+xAG,npxG,npxG+xAG,Matches
526,Virgil van Dijk,nl NED,DF,Liverpool,33-312,1991,36,36,3240,36.0,3,1,4,3,0,0,4,0,2.2,2.2,0.7,3.0,18,182,6,0.08,0.03,0.11,0.08,0.11,0.06,0.02,0.08,0.06,0.08,Matches
527,Jamie Vardy,eng ENG,FW,Leicester City,38-125,1987,34,34,2744,30.5,8,4,12,7,1,2,5,0,10.7,9.2,3.0,12.2,28,21,116,0.26,0.13,0.39,0.23,0.36,0.35,0.10,0.45,0.30,0.40,Matches
528,Renato Veiga,pt POR,"DF,MF",Chelsea,21-291,2003,7,1,181,2.0,0,0,0,0,0,0,2,0,0.1,0.1,0.0,0.1,4,7,3,0.00,0.00,0.00,0.00,0.00,0.07,0.00,0.07,0.07,0.07,Matches
529,Joël Veltman,nl NED,DF,Brighton,33-121,1992,20,19,1665,18.5,0,0,0,0,0,0,4,0,0.5,0.5,0.5,0.9,30,80,32,0.00,0.00,0.00,0.00,0.00,0.03,0.02,0.05,0.03,0.05,Matches
530,Micky van de Ven,nl NED,DF,Tottenham,24-027,2001,12,11,950,10.6,0,2,2,0,0,0,4,0,0.6,0.6,1.2,1.7,8,51,1,0.00,0.19,0.19,0.00,0.19,0.05,0.11,0.16,0.05,0.16,Matches
531,Bart Verbruggen,nl NED,GK,Brighton,22-271,2002,34,34,3060,34.0,0,1,1,0,0,0,5,0,0.0,0.0,0.0,0.0,0,2,0,0.00,0.03,0.03,0.00,0.03,0.00,0.00,0.00,0.00,0.00,Matches
532,Jannik Vestergaard,dk DEN,DF,Leicester City,32-286,1992,18,16,1391,15.5,0,0,0,0,0,0,5,0,0.1,0.1,0.1,0.2,3,32,2,0.00,0.00,0.00,0.00,0.00,0.01,0.01,0.01,0.01,0.01,Matches
533,Guglielmo Vicario,it ITA,GK,Tottenham,28-221,1996,23,23,2070,23.0,0,0,0,0,0,0,1,0,0.0,0.0,0.0,0.0,0,1,0,0.00,0.00,0.00,0.00,0.00,0.00,0.00,0.00,0.00,0.00,Matches
534,Carlos Vinícius,br BRA,"MF,FW",Fulham,30-052,1995,3,0,16,0.2,0,0,0,0,0,0,0,0,0.0,0.0,0.0,0.0,1,0,3,0.00,0.00,0.00,0.00,0.00,0.21,0.00,0.21,0.21,0.21,Matches
535,Kyle Walker,eng ENG,DF,Manchester City,34-353,1990,15,9,970,10.8,0,0,0,0,0,0,3,0,0.1,0.1,0.4,0.6,12,64,11,0.00,0.00,0.00,0.00,0.00,0.01,0.04,0.05,0.01,0.05,Matches
536,Kyle Walker-Peters,eng ENG,DF,Southampton,28-033,1997,33,33,2918,32.4,0,2,2,0,0,0,5,0,0.8,0.8,2.8,3.6,114,139,144,0.00,0.06,0.06,0.00,0.06,0.03,0.09,0.11,0.03,0.11,Matches
537,Christian Walton,eng ENG,GK,Ipswich Town,29-188,1995,6,6,540,6.0,0,0,0,0,0,0,0,0,0.0,0.0,0.0,0.0,0,0,0,0.00,0.00,0.00,0.00,0.00,0.00,0.00,0.00,0.00,0.00,Matches
538,Aaron Wan-Bissaka,eng ENG,DF,West Ham,27-171,1997,34,33,2974,33.0,2,4,6,2,0,0,1,0,1.2,1.2,3.5,4.7,105,135,154,0.06,0.12,0.18,0.06,0.18,0.04,0.11,0.14,0.04,0.14,Matches
539,Danny Ward,wls WAL,GK,Leicester City,31-328,1993,2,1,135,1.5,0,0,0,0,0,0,0,0,0.0,0.0,0.0,0.0,0,0,0,0.00,0.00,0.00,0.00,0.00,0.00,0.00,0.00,0.00,0.00,Matches
540,Joel Ward,eng ENG,DF,Crystal Palace,35-199,1989,1,0,1,0.0,0,0,0,0,0,0,0,0,0.0,0.0,0.0,0.0,0,0,0,0.00,0.00,0.00,0.00,0.00,0.00,0.00,0.00,0.00,0.00,Matches
541,James Ward-Prowse,eng ENG,MF,West Ham,30-196,1994,13,10,903,10.0,0,1,1,0,0,0,2,0,1.1,1.1,1.5,2.6,9,49,4,0.00,0.10,0.10,0.00,0.10,0.11,0.15,0.26,0.11,0.26,Matches
542,James Ward-Prowse,eng ENG,MF,Nott'ham Forest,30-196,1994,9,5,400,4.4,0,1,1,0,0,0,2,1,0.1,0.1,1.1,1.2,1,16,3,0.00,0.23,0.23,0.00,0.23,0.01,0.25,0.26,0.01,0.26,Matches
543,Ollie Watkins,eng ENG,FW,Aston Villa,29-137,1995,36,29,2423,26.9,16,7,23,14,2,2,2,0,15.1,13.5,3.0,16.6,54,29,152,0.59,0.26,0.85,0.52,0.78,0.56,0.11,0.67,0.50,0.62,Matches
544,Adam Webster,eng ENG,DF,Brighton,30-132,1995,12,9,707,7.9,0,0,0,0,0,0,0,0,0.0,0.0,0.5,0.5,7,41,2,0.00,0.00,0.00,0.00,0.00,0.00,0.06,0.07,0.00,0.07,Matches
545,Danny Welbeck,eng ENG,FW,Brighton,34-171,1990,29,23,2032,22.6,10,4,14,9,1,1,5,0,8.9,8.1,1.3,9.4,20,45,88,0.44,0.18,0.62,0.40,0.58,0.39,0.06,0.45,0.36,0.42,Matches
546,Welington,br BRA,"DF,MF",Southampton,24-086,2001,8,4,302,3.4,0,0,0,0,0,0,1,0,0.0,0.0,0.1,0.1,3,7,10,0.00,0.00,0.00,0.00,0.00,0.01,0.02,0.03,0.01,0.03,Matches
547,Timo Werner,de GER,"FW,MF",Tottenham,29-071,1996,18,4,516,5.7,0,3,3,0,0,0,0,0,1.0,1.0,2.5,3.5,42,30,89,0.00,0.52,0.52,0.00,0.52,0.17,0.44,0.61,0.17,0.61,Matches
548,Adam Wharton,eng ENG,MF,Crystal Palace,20-348,2004,20,16,1318,14.6,0,2,2,0,0,0,2,0,0.4,0.4,3.0,3.4,14,107,11,0.00,0.14,0.14,0.00,0.14,0.03,0.21,0.23,0.03,0.23,Matches
549,Ben White,eng ENG,DF,Arsenal,27-220,1997,15,11,1018,11.3,0,1,1,0,0,0,2,0,0.4,0.4,0.9,1.3,16,47,33,0.00,0.09,0.09,0.00,0.09,0.04,0.08,0.12,0.04,0.12,Matches
550,Mats Wieffer,nl NED,"MF,DF",Brighton,25-181,1999,23,8,835,9.3,1,3,4,1,0,0,6,0,0.7,0.7,1.5,2.2,18,55,18,0.11,0.32,0.43,0.11,0.43,0.08,0.16,0.24,0.08,0.24,Matches
Rk,Player,Nation,Pos,Squad,Age,Born,MP,Starts,Min,90s,Gls,Ast,G+A,G-PK,PK,PKatt,CrdY,CrdR,xG,npxG,xAG,npxG+xAG,PrgC,PrgP,PrgR,Gls,Ast,G+A,G-PK,G+A-PK,xG,xAG,xG+xAG,npxG,npxG+xAG,Matches
551,Neco Williams,wls WAL,DF,Nott'ham Forest,24-033,2001,33,26,2414,26.8,1,3,4,1,0,0,7,0,2.3,2.3,1.5,3.8,65,85,95,0.04,0.11,0.15,0.04,0.15,0.09,0.06,0.14,0.09,0.14,Matches
552,Willian,br BRA,"FW,MF",Fulham,36-280,1988,10,2,257,2.9,0,0,0,0,0,0,0,0,0.3,0.3,0.5,0.8,11,40,33,0.00,0.00,0.00,0.00,0.00,0.10,0.18,0.28,0.10,0.28,Matches
553,Joe Willock,eng ENG,"MF,FW",Newcastle Utd,25-269,1999,30,11,1026,11.4,0,2,2,0,0,0,3,0,1.6,1.6,1.9,3.5,36,38,82,0.00,0.18,0.18,0.00,0.18,0.14,0.17,0.31,0.14,0.31,Matches
554,Callum Wilson,eng ENG,FW,Newcastle Utd,33-078,1992,16,1,286,3.2,0,0,0,0,0,0,1,0,0.4,0.4,0.1,0.4,5,3,12,0.00,0.00,0.00,0.00,0.00,0.12,0.02,0.14,0.12,0.14,Matches
555,Harry Wilson,wls WAL,"FW,MF",Fulham,28-055,1997,23,11,1077,12.0,5,1,6,5,0,0,2,0,4.0,4.0,1.1,5.1,18,49,89,0.42,0.08,0.50,0.42,0.50,0.34,0.09,0.43,0.34,0.43,Matches
556,Harry Winks,eng ENG,MF,Leicester City,29-103,1996,22,17,1538,17.1,0,2,2,0,0,0,4,0,0.2,0.2,1.2,1.5,19,101,11,0.00,0.12,0.12,0.00,0.12,0.01,0.07,0.09,0.01,0.09,Matches
557,Ben Winterburn,eng ENG,"FW,MF",Bournemouth,20-254,2004,3,0,23,0.3,0,0,0,0,0,0,0,0,0.0,0.0,0.0,0.0,2,0,2,0.00,0.00,0.00,0.00,0.00,0.00,0.00,0.00,0.00,0.00,Matches
558,Yoane Wissa,cd COD,FW,Brentford,28-255,1996,33,32,2739,30.4,18,3,21,18,0,0,3,0,17.0,17.0,1.9,18.9,54,61,139,0.59,0.10,0.69,0.59,0.69,0.56,0.06,0.62,0.56,0.62,Matches
559,Chris Wood,nz NZL,FW,Nott'ham Forest,33-160,1991,34,33,2779,30.9,20,3,23,17,3,3,1,0,12.3,10.0,2.5,12.5,14,36,88,0.65,0.10,0.74,0.55,0.65,0.40,0.08,0.48,0.32,0.40,Matches
560,Nathan Wood-Gordon,eng ENG,DF,Southampton,22-350,2002,9,7,624,6.9,0,0,0,0,0,0,2,0,0.2,0.2,0.0,0.3,2,17,0,0.00,0.00,0.00,0.00,0.00,0.03,0.00,0.04,0.03,0.04,Matches
561,Luke Woolfenden,eng ENG,DF,Ipswich Town,26-207,1998,15,12,1187,13.2,0,0,0,0,0,0,2,0,0.0,0.0,0.0,0.0,7,15,0,0.00,0.00,0.00,0.00,0.00,0.00,0.00,0.00,0.00,0.00,Matches
562,Yehor Yarmoliuk,ua UKR,MF,Brentford,21-076,2004,29,13,1286,14.3,0,0,0,0,0,0,6,0,0.6,0.6,0.9,1.5,15,57,46,0.00,0.00,0.00,0.00,0.00,0.04,0.06,0.10,0.04,0.10,Matches
563,Ryan Yates,eng ENG,MF,Nott'ham Forest,27-176,1997,33,18,1891,21.0,2,1,3,2,0,0,10,0,2.3,2.3,1.2,3.5,17,48,15,0.10,0.05,0.14,0.10,0.14,0.11,0.06,0.16,0.11,0.16,Matches
564,Leny Yoro,fr FRA,DF,Manchester Utd,19-184,2005,21,12,1165,12.9,0,0,0,0,0,0,5,0,0.7,0.7,0.1,0.8,19,52,4,0.00,0.00,0.00,0.00,0.00,0.05,0.01,0.06,0.05,0.06,Matches
565,Ashley Young,eng ENG,"DF,FW",Everton,39-311,1985,30,18,1712,19.0,1,3,4,1,0,0,6,1,0.3,0.3,2.1,2.3,21,85,29,0.05,0.16,0.21,0.05,0.21,0.01,0.11,0.12,0.01,0.12,Matches
566,Illia Zabarnyi,ua UKR,DF,Bournemouth,22-257,2002,34,33,2929,32.5,0,0,0,0,0,0,4,1,1.1,1.1,0.6,1.6,26,129,4,0.00,0.00,0.00,0.00,0.00,0.03,0.02,0.05,0.03,0.05,Matches
567,Oleksandr Zinchenko,ua UKR,"DF,MF",Arsenal,28-152,1996,14,4,458,5.1,0,1,1,0,0,0,1,0,0.3,0.3,0.1,0.4,10,37,12,0.00,0.20,0.20,0.00,0.20,0.05,0.03,0.08,0.05,0.08,Matches
568,Joshua Zirkzee,nl NED,"FW,MF",Manchester Utd,23-359,2001,32,14,1402,15.6,3,1,4,3,0,0,2,0,4.8,4.8,1.5,6.3,14,44,69,0.19,0.06,0.26,0.19,0.26,0.31,0.10,0.41,0.31,0.41,Matches
569,Martin Ødegaard,no NOR,MF,Arsenal,26-150,1998,28,25,2220,24.7,2,7,9,1,1,1,4,0,4.7,3.9,5.3,9.2,89,250,146,0.08,0.28,0.36,0.04,0.32,0.19,0.21,0.41,0.16,0.37,Matches
