Rk,Player,Nation,Pos,Squad,Born,Playing_Time_MP,Playing_Time_Starts,Playing_Time_Min,Playing_Time_90s,Performance_Gls,Performance_Ast,Performance_G+A,Performance_G_PK,Performance_PK,Performance_PKatt,Performance_CrdY,Performance_CrdR,Expected_xG,Expected_npxG,Expected_xAG,Expected_npxG+xAG,Progression_PrgC,Progression_PrgP,Progression_PrgR,Per_90_Minutes_Gls,Per_90_Minutes_Ast,Per_90_Minutes_G+A,Per_90_Minutes_G_PK,Per_90_Minutes_G+A_PK,Per_90_Minutes_xG,Per_90_Minutes_xAG,Per_90_Minutes_xG+xAG,Per_90_Minutes_npxG,Per_90_Minutes_npxG+xAG,Age
1,Max Aarons,eng ENG,DF,Bournemouth,2000.0,3,1,86,1.0,0,0,0,0,0,0,0,0,0.0,0.0,0.0,0.0,1,8,3,0.0,0.0,0.0,0.0,0.0,0.0,0.0,0.0,0.0,0.0,25.0
2,Joshua Acheampong,eng ENG,DF,Chelsea,2006.0,4,2,170,1.9,0,0,0,0,0,0,1,0,0.2,0.2,0.0,0.2,0,8,0,0.0,0.0,0.0,0.0,0.0,0.12,0.0,0.12,0.12,0.12,19.0
3,Tyler Adams,us USA,MF,Bournemouth,1999.0,26,19,1785,19.8,0,3,3,0,0,0,7,0,1.6,1.6,1.0,2.5,13,69,9,0.0,0.15,0.15,0.0,0.15,0.08,0.05,0.13,0.08,0.13,26.0
4,Tosin Adarabioyo,eng ENG,DF,Chelsea,1997.0,20,13,1229,13.7,1,1,2,1,0,0,3,0,0.9,0.9,0.2,1.1,5,37,1,0.07,0.07,0.15,0.07,0.15,0.07,0.02,0.08,0.07,0.08,27.0
5,Simon Adingra,ci CIV,"FW,MF",Brighton,2002.0,27,10,988,11.0,2,2,4,2,0,0,0,0,2.2,2.2,2.3,4.6,41,15,120,0.18,0.18,0.36,0.18,0.36,0.2,0.21,0.42,0.2,0.42,23.0
6,Emmanuel Agbadou,ci CIV,DF,Wolves,1997.0,14,14,1230,13.7,0,0,0,0,0,0,2,0,0.3,0.3,0.2,0.5,3,24,2,0.0,0.0,0.0,0.0,0.0,0.02,0.02,0.04,0.02,0.04,27.0
7,Asher Agbinone,eng ENG,MF,Crystal Palace,2005.0,2,0,6,0.1,0,0,0,0,0,0,0,0,0.0,0.0,0.0,0.1,2,0,1,0.0,0.0,0.0,0.0,0.0,0.29,0.5,0.79,0.29,0.79,19.0
8,Ola Aina,ng NGA,DF,Nott'ham Forest,1996.0,33,33,2823,31.4,2,1,3,2,0,0,4,0,0.6,0.6,1.1,1.8,63,103,59,0.06,0.03,0.1,0.06,0.1,0.02,0.04,0.06,0.02,0.06,28.0
9,Rayan Aït-Nouri,dz ALG,DF,Wolves,2001.0,35,35,2955,32.8,4,7,11,4,0,0,7,1,2.6,2.6,5.0,7.6,86,104,163,0.12,0.21,0.34,0.12,0.34,0.08,0.15,0.23,0.08,0.23,23.0
10,Kristoffer Ajer,no NOR,DF,Brentford,1998.0,22,17,1405,15.6,0,0,0,0,0,0,5,0,0.8,0.8,1.2,2.1,27,54,42,0.0,0.0,0.0,0.0,0.0,0.05,0.08,0.13,0.05,0.13,27.0
11,Manuel Akanji,ch SUI,DF,Manchester City,1995.0,24,21,1834,20.4,0,0,0,0,0,0,3,0,1.1,1.1,0.4,1.5,41,150,6,0.0,0.0,0.0,0.0,0.0,0.06,0.02,0.08,0.06,0.08,29.0
12,Nathan Aké,nl NED,DF,Manchester City,1995.0,10,8,678,7.5,0,0,0,0,0,0,0,0,0.2,0.2,0.0,0.2,12,50,2,0.0,0.0,0.0,0.0,0.0,0.03,0.0,0.03,0.03,0.03,30.0
13,Carlos Alcaraz,ar ARG,MF,Southampton,2002.0,1,0,10,0.1,0,0,0,0,0,0,0,0,0.1,0.1,0.1,0.2,4,6,1,0.0,0.0,0.0,0.0,0.0,0.62,0.86,1.48,0.62,1.48,22.0
14,Carlos Alcaraz,ar ARG,"FW,MF",Everton,2002.0,13,6,663,7.4,1,3,4,1,0,0,4,0,1.4,1.4,1.6,3.1,16,40,20,0.14,0.41,0.54,0.14,0.54,0.2,0.22,0.42,0.2,0.42,22.0
15,Trent Alexander-Arnold,eng ENG,DF,Liverpool,1998.0,32,28,2320,25.8,3,6,9,3,0,0,5,0,1.9,1.9,6.7,8.6,50,228,90,0.12,0.23,0.35,0.12,0.35,0.07,0.26,0.33,0.07,0.33,26.0
16,Alisson,br BRA,GK,Liverpool,1992.0,26,26,2328,25.9,0,0,0,0,0,0,0,0,0.0,0.0,0.6,0.6,0,1,0,0.0,0.0,0.0,0.0,0.0,0.0,0.02,0.02,0.0,0.02,32.0
17,Miguel Almirón,py PAR,FW,Newcastle Utd,1994.0,9,1,157,1.7,0,0,0,0,0,0,0,0,0.5,0.5,0.3,0.8,3,6,18,0.0,0.0,0.0,0.0,0.0,0.3,0.15,0.45,0.3,0.45,31.0
18,Edson Álvarez,mx MEX,MF,West Ham,1997.0,26,19,1660,18.4,0,1,1,0,0,0,8,1,0.3,0.3,0.8,1.1,22,76,18,0.0,0.05,0.05,0.0,0.05,0.02,0.04,0.06,0.02,0.06,27.0
19,Will Alves,eng ENG,FW,Leicester City,2005.0,1,0,1,0.0,0,0,0,0,0,0,0,0,0.0,0.0,0.0,0.0,0,0,1,0.0,0.0,0.0,0.0,0.0,0.0,0.0,0.0,0.0,0.0,20.0
20,Harry Amass,eng ENG,DF,Manchester Utd,2007.0,5,4,346,3.8,0,0,0,0,0,0,0,0,0.1,0.1,0.0,0.1,9,7,23,0.0,0.0,0.0,0.0,0.0,0.02,0.01,0.02,0.02,0.02,18.0
21,Samuel Amo-Ameyaw,eng ENG,"FW,DF",Southampton,2006.0,2,0,28,0.3,0,0,0,0,0,0,1,0,0.0,0.0,0.1,0.1,1,0,3,0.0,0.0,0.0,0.0,0.0,0.07,0.22,0.29,0.07,0.29,18.0
22,Mathis Amougou,fr FRA,MF,Chelsea,2006.0,1,0,8,0.1,0,0,0,0,0,0,0,0,0.0,0.0,0.0,0.0,0,1,0,0.0,0.0,0.0,0.0,0.0,0.0,0.0,0.0,0.0,0.0,19.0
23,Joachim Andersen,dk DEN,DF,Crystal Palace,1996.0,1,1,90,1.0,0,0,0,0,0,0,1,0,0.0,0.0,0.0,0.0,1,4,1,0.0,0.0,0.0,0.0,0.0,0.04,0.0,0.04,0.04,0.04,28.0
24,Joachim Andersen,dk DEN,DF,Fulham,1996.0,27,27,2403,26.7,0,0,0,0,0,0,5,1,1.0,1.0,0.3,1.3,16,110,2,0.0,0.0,0.0,0.0,0.0,0.04,0.01,0.05,0.04,0.05,28.0
25,Elliot Anderson,eng ENG,MF,Nott'ham Forest,2002.0,35,31,2556,28.4,2,6,8,2,0,0,8,0,1.9,1.9,3.1,5.0,47,133,87,0.07,0.21,0.28,0.07,0.28,0.07,0.11,0.18,0.07,0.18,22.0
26,André,br BRA,MF,Wolves,2001.0,31,29,2337,26.0,0,0,0,0,0,0,7,0,0.4,0.4,0.8,1.2,8,98,11,0.0,0.0,0.0,0.0,0.0,0.02,0.03,0.04,0.02,0.04,23.0
27,Michail Antonio,jm JAM,FW,West Ham,1990.0,14,11,836,9.3,1,1,2,1,0,0,1,0,2.2,2.2,1.6,3.8,29,18,59,0.11,0.11,0.22,0.11,0.22,0.24,0.17,0.41,0.24,0.41,35.0
28,Antony,br BRA,"DF,MF",Manchester Utd,2000.0,8,0,141,1.6,0,0,0,0,0,0,0,0,1.0,1.0,0.1,1.1,5,6,7,0.0,0.0,0.0,0.0,0.0,0.65,0.08,0.73,0.65,0.73,25.0
29,Julian Araujo,mx MEX,DF,Bournemouth,2001.0,11,6,429,4.8,0,0,0,0,0,0,1,0,0.0,0.0,0.0,0.0,3,14,20,0.0,0.0,0.0,0.0,0.0,0.0,0.0,0.0,0.0,0.0,23.0
30,Cameron Archer,eng ENG,FW,Southampton,2001.0,33,13,1398,15.5,2,0,2,2,0,1,0,0,5.1,4.3,0.4,4.7,20,14,65,0.13,0.0,0.13,0.13,0.13,0.33,0.03,0.36,0.28,0.3,23.0
31,Alphonse Areola,fr FRA,GK,West Ham,1993.0,25,24,2170,24.1,0,0,0,0,0,0,0,0,0.0,0.0,0.0,0.0,0,0,0,0.0,0.0,0.0,0.0,0.0,0.0,0.0,0.0,0.0,0.0,32.0
32,Joe Aribo,ng NGA,"MF,DF",Southampton,1996.0,31,20,1954,21.7,3,0,3,3,0,0,1,0,2.7,2.7,1.6,4.3,35,72,65,0.14,0.0,0.14,0.14,0.14,0.12,0.07,0.2,0.12,0.2,28.0
33,Adam Armstrong,eng ENG,"FW,MF",Southampton,1997.0,20,15,1248,13.9,2,2,4,2,0,1,4,0,3.3,2.3,1.2,3.5,25,21,79,0.14,0.14,0.29,0.14,0.29,0.24,0.09,0.32,0.17,0.25,28.0
34,Harrison Armstrong,eng ENG,MF,Everton,2007.0,3,0,48,0.5,0,0,0,0,0,0,1,0,0.4,0.4,0.1,0.4,1,1,0,0.0,0.0,0.0,0.0,0.0,0.69,0.14,0.82,0.69,0.82,18.0
35,Kepa Arrizabalaga,es ESP,GK,Bournemouth,1994.0,29,29,2610,29.0,0,0,0,0,0,0,3,0,0.1,0.1,0.0,0.1,0,2,0,0.0,0.0,0.0,0.0,0.0,0.0,0.0,0.0,0.0,0.0,30.0
36,Marco Asensio,es ESP,MF,Aston Villa,1996.0,11,7,609,6.8,3,1,4,3,0,2,2,0,4.3,2.7,0.8,3.5,18,37,26,0.44,0.15,0.59,0.44,0.59,0.63,0.12,0.75,0.4,0.52,29.0
37,Brandon Austin,eng ENG,GK,Tottenham,1999.0,1,1,90,1.0,0,0,0,0,0,0,0,0,0.0,0.0,0.0,0.0,0,0,0,0.0,0.0,0.0,0.0,0.0,0.0,0.0,0.0,0.0,0.0,26.0
38,Taiwo Awoniyi,ng NGA,FW,Nott'ham Forest,1997.0,26,3,416,4.6,1,0,1,1,0,0,0,0,2.1,2.1,0.1,2.2,6,7,20,0.22,0.0,0.22,0.22,0.22,0.46,0.02,0.48,0.46,0.48,27.0
39,Yasin Ayari,se SWE,MF,Brighton,2003.0,32,20,1848,20.5,1,1,2,1,0,0,3,0,2.3,2.3,2.2,4.5,30,72,60,0.05,0.05,0.1,0.05,0.1,0.11,0.11,0.22,0.11,0.22,21.0
40,Jordan Ayew,gh GHA,"FW,MF",Crystal Palace,1991.0,1,0,21,0.2,0,0,0,0,0,0,1,0,0.5,0.5,0.0,0.5,0,0,1,0.0,0.0,0.0,0.0,0.0,1.96,0.21,2.17,1.96,2.17,33.0
41,Jordan Ayew,gh GHA,"FW,MF",Leicester City,1991.0,28,17,1485,16.5,5,0,5,4,1,1,5,0,3.0,2.2,1.0,3.2,43,39,79,0.3,0.0,0.3,0.24,0.24,0.18,0.06,0.24,0.13,0.19,33.0
42,Benoît Badiashile,fr FRA,DF,Chelsea,2001.0,5,3,334,3.7,0,0,0,0,0,0,0,0,0.0,0.0,0.0,0.0,3,17,2,0.0,0.0,0.0,0.0,0.0,0.0,0.0,0.0,0.0,0.0,24.0
43,Leon Bailey,jm JAM,"FW,MF",Aston Villa,1997.0,23,14,1138,12.6,1,2,3,1,0,0,3,0,1.7,1.7,1.5,3.3,57,35,121,0.08,0.16,0.24,0.08,0.24,0.14,0.12,0.26,0.14,0.26,27.0
44,Carlos Baleba,cm CMR,MF,Brighton,2004.0,32,29,2481,27.6,3,1,4,3,0,0,8,1,3.0,3.0,1.3,4.3,40,114,28,0.11,0.04,0.15,0.11,0.15,0.11,0.05,0.15,0.11,0.15,21.0
45,Ross Barkley,eng ENG,MF,Aston Villa,1993.0,18,3,571,6.3,3,1,4,3,0,0,3,0,1.7,1.7,0.6,2.3,15,33,10,0.47,0.16,0.63,0.47,0.63,0.27,0.1,0.37,0.27,0.37,31.0
46,Harvey Barnes,eng ENG,FW,Newcastle Utd,1997.0,31,15,1593,17.7,9,4,13,9,0,0,0,0,6.9,6.9,4.0,10.9,89,78,186,0.51,0.23,0.73,0.51,0.73,0.39,0.22,0.61,0.39,0.61,27.0
47,Calvin Bassey,ng NGA,DF,Fulham,1999.0,34,33,2984,33.2,1,0,1,1,0,0,7,0,1.0,1.0,0.1,1.2,39,114,15,0.03,0.0,0.03,0.03,0.03,0.03,0.0,0.03,0.03,0.03,25.0
48,Altay Bayındır,tr TUR,GK,Manchester Utd,1998.0,3,3,270,3.0,0,0,0,0,0,0,0,0,0.0,0.0,0.0,0.0,0,0,0,0.0,0.0,0.0,0.0,0.0,0.0,0.0,0.0,0.0,0.0,27.0
49,Jan Bednarek,pl POL,DF,Southampton,1996.0,30,30,2531,28.1,2,0,2,2,0,0,7,0,0.7,0.7,0.5,1.2,5,60,2,0.07,0.0,0.07,0.07,0.07,0.02,0.02,0.04,0.02,0.04,29.0
50,Armel Bella Kotchap,de GER,DF,Southampton,2001.0,4,2,331,3.7,0,0,0,0,0,0,0,0,0.3,0.3,0.0,0.3,0,5,0,0.0,0.0,0.0,0.0,0.0,0.09,0.0,0.09,0.09,0.09,23.0
51,Jean-Ricner Bellegarde,fr FRA,"MF,FW",Wolves,1998.0,33,19,1583,17.6,2,6,8,2,0,0,3,0,1.4,1.4,3.6,5.0,51,39,85,0.11,0.34,0.45,0.11,0.45,0.08,0.2,0.28,0.08,0.28,26.0
52,Rodrigo Bentancur,uy URU,MF,Tottenham,1997.0,24,20,1563,17.4,2,0,2,2,0,0,8,0,1.3,1.3,0.4,1.7,26,99,34,0.12,0.0,0.12,0.12,0.12,0.08,0.02,0.1,0.08,0.1,27.0
53,Daniel Bentley,eng ENG,GK,Wolves,1993.0,1,1,90,1.0,0,0,0,0,0,0,0,0,0.0,0.0,0.0,0.0,0,0,0,0.0,0.0,0.0,0.0,0.0,0.0,0.0,0.0,0.0,0.0,31.0
54,Sander Berge,no NOR,MF,Fulham,1998.0,29,25,2174,24.2,0,0,0,0,0,0,6,0,0.2,0.2,0.6,0.8,28,119,9,0.0,0.0,0.0,0.0,0.0,0.01,0.03,0.03,0.01,0.03,27.0
55,Lucas Bergvall,se SWE,MF,Tottenham,2006.0,27,11,1212,13.5,0,1,1,0,0,0,3,0,0.7,0.7,0.6,1.3,33,49,31,0.0,0.07,0.07,0.0,0.07,0.05,0.04,0.09,0.05,0.09,19.0
56,Victor Bernth Kristiansen,dk DEN,DF,Leicester City,2002.0,29,28,2394,26.6,0,1,1,0,0,0,1,0,0.3,0.3,1.4,1.7,39,69,75,0.0,0.04,0.04,0.0,0.04,0.01,0.05,0.06,0.01,0.06,22.0
57,Beto,gw GNB,FW,Everton,1998.0,28,13,1357,15.1,8,0,8,8,0,0,2,0,7.0,7.0,0.8,7.8,12,12,72,0.53,0.0,0.53,0.53,0.53,0.46,0.06,0.52,0.46,0.52,27.0
58,Philip Billing,dk DEN,MF,Bournemouth,1996.0,10,1,184,2.0,0,0,0,0,0,0,1,0,0.6,0.6,1.1,1.7,3,15,13,0.0,0.0,0.0,0.0,0.0,0.28,0.54,0.82,0.28,0.82,28.0
59,Yves Bissouma,ml MLI,MF,Tottenham,1996.0,26,16,1345,14.9,2,0,2,2,0,0,7,0,0.6,0.6,0.3,0.9,15,74,3,0.13,0.0,0.13,0.13,0.13,0.04,0.02,0.06,0.04,0.06,28.0
60,Oscar Bobb,no NOR,FW,Manchester City,2003.0,2,0,15,0.2,0,0,0,0,0,0,0,0,0.0,0.0,0.1,0.1,1,1,1,0.0,0.0,0.0,0.0,0.0,0.0,0.44,0.44,0.0,0.44,21.0
61,Lamare Bogarde,nl NED,"DF,MF",Aston Villa,2004.0,8,5,476,5.3,0,0,0,0,0,0,2,0,0.0,0.0,0.1,0.2,12,14,9,0.0,0.0,0.0,0.0,0.0,0.01,0.02,0.03,0.01,0.03,21.0
62,Willy Boly,ci CIV,DF,Nott'ham Forest,1991.0,6,1,150,1.7,0,0,0,0,0,0,1,0,0.1,0.1,0.0,0.1,0,2,0,0.0,0.0,0.0,0.0,0.0,0.04,0.0,0.04,0.04,0.04,34.0
63,Sven Botman,nl NED,DF,Newcastle Utd,2000.0,6,4,287,3.2,0,0,0,0,0,0,1,0,0.0,0.0,0.1,0.1,0,4,0,0.0,0.0,0.0,0.0,0.0,0.01,0.02,0.03,0.01,0.03,25.0
64,Jarrod Bowen,eng ENG,"FW,MF",West Ham,1996.0,32,32,2793,31.0,11,7,18,10,1,1,1,0,8.3,7.6,6.3,13.9,102,86,191,0.35,0.23,0.58,0.32,0.55,0.27,0.2,0.47,0.24,0.45,28.0
65,Conor Bradley,nir NIR,DF,Liverpool,2003.0,17,5,633,7.0,0,1,1,0,0,0,4,0,0.6,0.6,0.5,1.1,28,27,31,0.0,0.14,0.14,0.0,0.14,0.08,0.07,0.15,0.08,0.15,21.0
66,Jarrad Branthwaite,eng ENG,DF,Everton,2002.0,29,27,2438,27.1,0,1,1,0,0,0,4,0,1.2,1.2,0.7,1.8,9,64,2,0.0,0.04,0.04,0.0,0.04,0.04,0.02,0.07,0.04,0.07,22.0
67,James Bree,eng ENG,DF,Southampton,1997.0,16,12,985,10.9,0,1,1,0,0,0,0,0,0.1,0.1,0.9,1.0,12,31,37,0.0,0.09,0.09,0.0,0.09,0.01,0.08,0.09,0.01,0.09,27.0
68,Ben Brereton,cl CHI,FW,Southampton,1999.0,10,4,449,5.0,0,0,0,0,0,0,1,0,0.9,0.9,0.1,1.0,12,9,42,0.0,0.0,0.0,0.0,0.0,0.18,0.02,0.2,0.18,0.2,26.0
69,Nathan Broadhead,wls WAL,"MF,FW",Ipswich Town,1998.0,16,6,605,6.7,1,0,1,1,0,0,1,0,1.5,1.5,0.6,2.1,17,12,27,0.15,0.0,0.15,0.15,0.15,0.22,0.1,0.32,0.22,0.32,27.0
70,Armando Broja,al ALB,FW,Everton,2001.0,10,4,334,3.7,0,0,0,0,0,0,1,0,0.1,0.1,0.2,0.3,12,2,26,0.0,0.0,0.0,0.0,0.0,0.03,0.05,0.08,0.03,0.08,23.0
71,David Brooks,wls WAL,"FW,MF",Bournemouth,1997.0,27,8,853,9.5,2,0,2,2,0,0,3,0,2.2,2.2,1.8,4.0,29,34,75,0.21,0.0,0.21,0.21,0.21,0.23,0.19,0.42,0.23,0.42,27.0
72,Emi Buendía,ar ARG,"MF,FW",Aston Villa,1996.0,12,0,98,1.1,0,0,0,0,0,0,1,0,0.7,0.7,0.0,0.7,3,7,6,0.0,0.0,0.0,0.0,0.0,0.6,0.02,0.62,0.6,0.62,28.0
73,Santiago Bueno,uy URU,DF,Wolves,1998.0,28,18,1683,18.7,0,0,0,0,0,0,2,0,0.4,0.4,0.0,0.4,1,28,1,0.0,0.0,0.0,0.0,0.0,0.02,0.0,0.02,0.02,0.02,26.0
74,Facundo Buonanotte,ar ARG,"FW,MF",Leicester City,2004.0,30,14,1504,16.7,5,2,7,5,0,0,8,0,3.9,3.9,3.1,7.0,39,54,72,0.3,0.12,0.42,0.3,0.42,0.24,0.18,0.42,0.24,0.42,20.0
75,Cameron Burgess,au AUS,DF,Ipswich Town,1995.0,18,16,1541,17.1,0,2,2,0,0,0,0,0,1.1,1.1,0.5,1.6,2,42,4,0.0,0.12,0.12,0.0,0.12,0.06,0.03,0.09,0.06,0.09,29.0
76,Dan Burn,eng ENG,DF,Newcastle Utd,1992.0,35,35,3150,35.0,1,1,2,1,0,0,10,0,1.8,1.8,0.9,2.7,9,63,12,0.03,0.03,0.06,0.03,0.06,0.05,0.02,0.08,0.05,0.08,33.0
77,Wes Burns,wls WAL,"FW,DF",Ipswich Town,1994.0,18,12,926,10.3,0,1,1,0,0,0,1,0,0.5,0.5,1.6,2.2,38,8,65,0.0,0.1,0.1,0.0,0.1,0.05,0.16,0.21,0.05,0.21,30.0
78,Nathan Butler-Oyedeji,eng ENG,FW,Arsenal,2003.0,1,0,7,0.1,0,0,0,0,0,0,0,0,0.1,0.1,0.0,0.1,0,0,0,0.0,0.0,0.0,0.0,0.0,0.94,0.0,0.94,0.94,0.94,22.0
79,Moisés Caicedo,ec ECU,"MF,DF",Chelsea,2001.0,36,36,3171,35.2,1,2,3,1,0,0,10,0,0.8,0.8,3.0,3.8,40,204,35,0.03,0.06,0.09,0.03,0.09,0.02,0.09,0.11,0.02,0.11,23.0
80,Tom Cairney,sct SCO,MF,Fulham,1991.0,23,2,510,5.7,1,0,1,1,0,0,3,1,0.2,0.2,1.0,1.2,15,48,32,0.18,0.0,0.18,0.18,0.18,0.04,0.17,0.21,0.04,0.21,34.0
81,Jens Cajuste,se SWE,MF,Ipswich Town,1999.0,28,23,1812,20.1,1,0,1,1,0,0,2,0,0.5,0.5,0.6,1.1,23,46,16,0.05,0.0,0.05,0.05,0.05,0.02,0.03,0.05,0.02,0.05,25.0
82,Riccardo Calafiori,it ITA,DF,Arsenal,2002.0,18,11,938,10.4,2,1,3,2,0,0,4,0,0.9,0.9,0.3,1.1,21,54,29,0.19,0.1,0.29,0.19,0.29,0.08,0.03,0.11,0.08,0.11,22.0
83,Dominic Calvert-Lewin,eng ENG,FW,Everton,1997.0,24,19,1589,17.7,3,1,4,3,0,0,2,0,6.3,6.3,0.6,6.9,22,19,108,0.17,0.06,0.23,0.17,0.23,0.35,0.04,0.39,0.35,0.39,28.0
84,Diego Carlos,br BRA,DF,Aston Villa,1993.0,10,8,830,9.2,0,0,0,0,0,0,1,0,0.6,0.6,0.0,0.6,3,34,0,0.0,0.0,0.0,0.0,0.0,0.07,0.0,0.07,0.07,0.07,32.0
85,Fabio Carvalho,pt POR,"FW,MF",Brentford,2002.0,19,3,455,5.1,2,1,3,2,0,0,1,0,2.5,2.5,0.7,3.2,9,17,23,0.4,0.2,0.59,0.4,0.59,0.49,0.13,0.62,0.49,0.62,22.0
86,Casemiro,br BRA,MF,Manchester Utd,1992.0,22,16,1335,14.8,1,0,1,1,0,0,3,0,1.7,1.7,2.3,3.9,4,70,26,0.07,0.0,0.07,0.07,0.07,0.11,0.15,0.27,0.11,0.27,33.0
87,Kaelan Casey,eng ENG,DF,West Ham,2004.0,1,0,1,0.0,0,0,0,0,0,0,0,0,0.0,0.0,0.0,0.0,0,0,0,0.0,0.0,0.0,0.0,0.0,0.0,0.0,0.0,0.0,0.0,20.0
88,Matty Cash,pl POL,DF,Aston Villa,1997.0,25,22,1890,21.0,1,1,2,1,0,0,6,0,0.4,0.4,1.1,1.4,46,39,76,0.05,0.05,0.1,0.05,0.1,0.02,0.05,0.07,0.02,0.07,27.0
89,Eiran Cashin,ie IRL,DF,Brighton,2001.0,2,0,20,0.2,0,0,0,0,0,0,0,0,0.0,0.0,0.0,0.0,0,6,1,0.0,0.0,0.0,0.0,0.0,0.0,0.0,0.0,0.0,0.0,23.0
90,Timothy Castagne,be BEL,DF,Fulham,1995.0,24,17,1649,18.3,0,1,1,0,0,0,1,0,0.4,0.4,1.2,1.6,17,62,67,0.0,0.05,0.05,0.0,0.05,0.02,0.07,0.09,0.02,0.09,29.0
91,Trevoh Chalobah,eng ENG,DF,Crystal Palace,1999.0,12,12,1060,11.8,3,0,3,3,0,0,1,0,1.2,1.2,0.4,1.6,11,34,6,0.25,0.0,0.25,0.25,0.25,0.1,0.03,0.14,0.1,0.14,25.0
92,Trevoh Chalobah,eng ENG,DF,Chelsea,1999.0,13,11,910,10.1,0,1,1,0,0,0,2,0,0.8,0.8,1.2,2.0,4,37,2,0.0,0.1,0.1,0.0,0.1,0.08,0.12,0.19,0.08,0.19,25.0
93,Conor Chaplin,eng ENG,"MF,FW",Ipswich Town,1997.0,20,9,768,8.5,1,1,2,1,0,0,2,0,1.2,1.2,0.7,1.9,11,27,20,0.12,0.12,0.23,0.12,0.23,0.14,0.08,0.22,0.14,0.22,28.0
94,Youssef Chermiti,pt POR,"FW,MF",Everton,2004.0,4,0,45,0.5,0,0,0,0,0,0,1,0,0.1,0.1,0.0,0.1,0,1,6,0.0,0.0,0.0,0.0,0.0,0.22,0.0,0.22,0.22,0.22,20.0
95,Federico Chiesa,it ITA,FW,Liverpool,1997.0,5,0,46,0.5,0,0,0,0,0,0,0,0,0.2,0.2,0.0,0.2,3,2,7,0.0,0.0,0.0,0.0,0.0,0.49,0.0,0.49,0.49,0.49,27.0
96,Ben Chilwell,eng ENG,DF,Crystal Palace,1996.0,7,0,169,1.9,0,0,0,0,0,0,1,0,0.1,0.1,0.7,0.8,2,6,12,0.0,0.0,0.0,0.0,0.0,0.04,0.39,0.43,0.04,0.43,28.0
97,Chiquinho,pt POR,MF,Wolves,2000.0,1,0,7,0.1,0,0,0,0,0,0,0,0,0.0,0.0,0.0,0.0,0,0,0,0.0,0.0,0.0,0.0,0.0,0.0,0.42,0.42,0.0,0.42,25.0
98,Hamza Choudhury,bd BAN,"MF,DF",Leicester City,1997.0,4,1,131,1.5,0,0,0,0,0,0,0,0,0.0,0.0,0.4,0.4,4,3,6,0.0,0.0,0.0,0.0,0.0,0.0,0.27,0.27,0.0,0.27,27.0
99,Ryan Christie,sct SCO,MF,Bournemouth,1995.0,29,27,2117,23.5,2,3,5,2,0,0,9,0,1.8,1.8,3.5,5.4,34,137,44,0.09,0.13,0.21,0.09,0.21,0.08,0.15,0.23,0.08,0.23,30.0
100,Harry Clarke,eng ENG,DF,Ipswich Town,2001.0,7,4,379,4.2,0,0,0,0,0,0,3,1,0.1,0.1,0.0,0.1,5,14,2,0.0,0.0,0.0,0.0,0.0,0.02,0.01,0.03,0.02,0.03,24.0
101,Jack Clarke,eng ENG,"FW,MF",Ipswich Town,2000.0,30,11,1090,12.1,0,4,4,0,0,0,2,0,1.0,1.0,2.1,3.0,34,38,48,0.0,0.33,0.33,0.0,0.33,0.08,0.17,0.25,0.08,0.25,24.0
102,Nathaniel Clyne,eng ENG,"DF,MF",Crystal Palace,1991.0,13,5,483,5.4,0,0,0,0,0,0,1,0,0.0,0.0,0.3,0.3,6,7,8,0.0,0.0,0.0,0.0,0.0,0.0,0.06,0.06,0.0,0.06,34.0
103,Conor Coady,eng ENG,DF,Leicester City,1993.0,20,17,1534,17.0,1,0,1,1,0,0,2,0,0.4,0.4,0.1,0.5,3,30,0,0.06,0.0,0.06,0.06,0.06,0.02,0.0,0.03,0.02,0.03,32.0
104,Séamus Coleman,ie IRL,DF,Everton,1988.0,4,2,198,2.2,0,0,0,0,0,0,1,0,0.6,0.6,0.0,0.6,1,9,3,0.0,0.0,0.0,0.0,0.0,0.26,0.0,0.26,0.26,0.26,36.0
105,Nathan Collins,ie IRL,DF,Brentford,2001.0,36,36,3240,36.0,2,3,5,2,0,0,5,0,2.5,2.5,1.8,4.3,30,121,18,0.06,0.08,0.14,0.06,0.14,0.07,0.05,0.12,0.07,0.12,24.0
106,Toby Collyer,eng ENG,MF,Manchester Utd,2004.0,6,0,179,2.0,0,0,0,0,0,0,0,0,0.2,0.2,0.3,0.4,0,5,2,0.0,0.0,0.0,0.0,0.0,0.09,0.13,0.22,0.09,0.22,21.0
107,Levi Colwill,eng ENG,DF,Chelsea,2003.0,33,33,2969,33.0,1,1,2,1,0,0,9,0,1.3,1.3,1.1,2.5,14,126,11,0.03,0.03,0.06,0.03,0.06,0.04,0.03,0.07,0.04,0.07,22.0
108,Lewis Cook,eng ENG,"MF,DF",Bournemouth,1997.0,35,31,2906,32.3,1,3,4,1,0,0,8,0,0.9,0.9,4.1,5.1,33,155,51,0.03,0.09,0.12,0.03,0.12,0.03,0.13,0.16,0.03,0.16,28.0
109,Maxwel Cornet,ci CIV,FW,Southampton,1996.0,2,1,72,0.8,0,0,0,0,0,0,1,0,0.2,0.2,0.0,0.2,1,0,5,0.0,0.0,0.0,0.0,0.0,0.2,0.0,0.2,0.2,0.2,28.0
110,Vladimír Coufal,cz CZE,DF,West Ham,1992.0,20,10,958,10.6,0,0,0,0,0,0,4,0,0.3,0.3,0.6,0.9,19,34,28,0.0,0.0,0.0,0.0,0.0,0.03,0.06,0.08,0.03,0.08,32.0
111,Woyo Coulibaly,fr FRA,DF,Leicester City,1999.0,4,1,109,1.2,0,0,0,0,0,0,1,0,0.0,0.0,0.0,0.0,4,3,2,0.0,0.0,0.0,0.0,0.0,0.04,0.0,0.04,0.04,0.04,25.0
112,Aaron Cresswell,eng ENG,DF,West Ham,1989.0,16,9,766,8.5,0,0,0,0,0,0,3,0,0.1,0.1,1.2,1.3,5,32,3,0.0,0.0,0.0,0.0,0.0,0.01,0.14,0.16,0.01,0.16,35.0
113,Marc Cucurella,es ESP,DF,Chelsea,1998.0,34,31,2808,31.2,4,1,5,4,0,0,10,1,2.6,2.6,2.1,4.7,35,113,113,0.13,0.03,0.16,0.13,0.16,0.08,0.07,0.15,0.08,0.15,26.0
114,Jorge Cuenca,es ESP,DF,Fulham,1999.0,6,3,259,2.9,0,0,0,0,0,0,0,0,0.0,0.0,0.0,0.0,0,9,0,0.0,0.0,0.0,0.0,0.0,0.01,0.0,0.01,0.01,0.01,25.0
115,Matheus Cunha,br BRA,"MF,FW",Wolves,1999.0,31,28,2483,27.6,15,6,21,15,0,0,4,0,8.0,8.0,7.6,15.7,105,137,150,0.54,0.22,0.76,0.54,0.76,0.29,0.28,0.57,0.29,0.57,25.0
116,Patson Daka,zm ZAM,"FW,MF",Leicester City,1998.0,21,5,654,7.3,1,0,1,1,0,0,0,0,1.3,1.3,0.1,1.3,10,8,34,0.14,0.0,0.14,0.14,0.14,0.17,0.01,0.18,0.17,0.18,26.0
117,Diogo Dalot,pt POR,DF,Manchester Utd,1999.0,32,31,2788,31.0,0,3,3,0,0,0,5,0,2.0,2.0,2.0,4.0,62,102,164,0.0,0.1,0.1,0.0,0.1,0.06,0.07,0.13,0.06,0.13,26.0
118,Mikkel Damsgaard,dk DEN,"MF,FW",Brentford,2000.0,36,32,2742,30.5,2,10,12,2,0,0,2,0,2.7,2.7,8.0,10.7,66,220,126,0.07,0.33,0.39,0.07,0.39,0.09,0.26,0.35,0.09,0.35,24.0
119,Danilo,br BRA,"MF,FW",Nott'ham Forest,2001.0,7,5,267,3.0,0,0,0,0,0,0,0,0,0.0,0.0,0.0,0.0,2,11,1,0.0,0.0,0.0,0.0,0.0,0.0,0.0,0.0,0.0,0.0,24.0
120,Jayden Danns,eng ENG,MF,Liverpool,2006.0,1,0,11,0.1,0,0,0,0,0,0,0,0,0.0,0.0,0.0,0.0,0,0,0,0.0,0.0,0.0,0.0,0.0,0.0,0.0,0.0,0.0,0.0,19.0
121,Kevin Danso,at AUT,DF,Tottenham,1998.0,8,7,662,7.4,0,0,0,0,0,0,0,0,0.4,0.4,0.1,0.5,11,18,1,0.0,0.0,0.0,0.0,0.0,0.06,0.01,0.06,0.06,0.06,26.0
122,Ben Davies,wls WAL,DF,Tottenham,1993.0,15,13,1216,13.5,0,0,0,0,0,0,4,0,0.3,0.3,0.2,0.5,14,51,6,0.0,0.0,0.0,0.0,0.0,0.02,0.01,0.04,0.02,0.04,32.0
123,Leif Davis,eng ENG,DF,Ipswich Town,2000.0,31,30,2563,28.5,1,2,3,1,0,0,5,1,0.9,0.9,4.3,5.2,48,55,117,0.04,0.07,0.11,0.04,0.11,0.03,0.15,0.18,0.03,0.18,25.0
124,Craig Dawson,eng ENG,DF,Wolves,1990.0,15,10,971,10.8,0,0,0,0,0,0,2,0,0.5,0.5,0.0,0.5,6,20,5,0.0,0.0,0.0,0.0,0.0,0.05,0.0,0.05,0.05,0.05,35.0
125,Kevin De Bruyne,be BEL,"MF,FW",Manchester City,1991.0,26,18,1628,18.1,4,7,11,4,0,0,2,0,4.2,4.2,7.9,12.1,50,153,143,0.22,0.39,0.61,0.22,0.61,0.23,0.44,0.67,0.23,0.67,33.0
126,Bobby De Cordova-Reid,jm JAM,FW,Leicester City,1993.0,23,9,744,8.3,1,2,3,1,0,0,2,0,0.8,0.8,1.2,2.0,14,15,48,0.12,0.24,0.36,0.12,0.36,0.1,0.15,0.24,0.1,0.24,32.0
127,Liam Delap,eng ENG,FW,Ipswich Town,2003.0,35,32,2552,28.4,12,2,14,10,2,2,10,0,9.3,7.7,1.9,9.6,60,30,107,0.42,0.07,0.49,0.35,0.42,0.33,0.07,0.4,0.27,0.34,22.0
128,Sepp van den Berg,nl NED,DF,Brentford,2001.0,29,27,2406,26.7,0,0,0,0,0,0,2,0,1.8,1.8,0.5,2.4,10,74,27,0.0,0.0,0.0,0.0,0.0,0.07,0.02,0.09,0.07,0.09,23.0
129,Justin Devenny,nir NIR,MF,Crystal Palace,2003.0,21,4,433,4.8,1,0,1,1,0,0,1,0,0.7,0.7,0.4,1.1,4,17,13,0.21,0.0,0.21,0.21,0.21,0.14,0.08,0.22,0.14,0.22,21.0
130,Kiernan Dewsbury-Hall,eng ENG,"MF,FW",Chelsea,1998.0,12,2,259,2.9,0,1,1,0,0,0,0,0,0.2,0.2,1.1,1.3,5,14,11,0.0,0.35,0.35,0.0,0.35,0.08,0.37,0.45,0.08,0.45,26.0
131,Amad Diallo,ci CIV,"FW,MF",Manchester Utd,2002.0,24,18,1721,19.1,7,6,13,7,0,0,3,0,4.2,4.2,4.6,8.8,99,57,175,0.37,0.31,0.68,0.37,0.68,0.22,0.24,0.46,0.22,0.46,22.0
132,Rúben Dias,pt POR,DF,Manchester City,1997.0,25,23,2091,23.2,0,0,0,0,0,0,4,0,1.5,1.5,0.3,1.8,38,143,8,0.0,0.0,0.0,0.0,0.0,0.06,0.01,0.08,0.06,0.08,28.0
133,Luis Díaz,co COL,FW,Liverpool,1997.0,34,27,2303,25.6,13,5,18,13,0,0,2,0,11.3,11.3,5.0,16.3,106,106,274,0.51,0.2,0.7,0.51,0.7,0.44,0.2,0.64,0.44,0.64,28.0
134,Tyler Dibling,eng ENG,"FW,MF",Southampton,2006.0,32,19,1807,20.1,2,0,2,2,0,0,6,0,2.5,2.5,1.5,4.1,68,64,94,0.1,0.0,0.1,0.1,0.1,0.13,0.08,0.2,0.13,0.2,19.0
135,Lucas Digne,fr FRA,DF,Aston Villa,1993.0,32,28,2351,26.1,0,4,4,0,0,0,4,0,0.8,0.8,4.7,5.5,23,57,142,0.0,0.15,0.15,0.0,0.15,0.03,0.18,0.21,0.03,0.21,31.0
136,Issa Diop,fr FRA,DF,Fulham,1997.0,21,15,1339,14.9,0,0,0,0,0,0,2,0,0.5,0.5,0.1,0.6,6,25,3,0.0,0.0,0.0,0.0,0.0,0.04,0.01,0.04,0.04,0.04,28.0
137,Axel Disasi,fr FRA,DF,Aston Villa,1998.0,7,5,490,5.4,0,0,0,0,0,0,2,0,0.1,0.1,0.4,0.5,10,16,5,0.0,0.0,0.0,0.0,0.0,0.02,0.07,0.09,0.02,0.09,27.0
138,Axel Disasi,fr FRA,DF,Chelsea,1998.0,6,4,364,4.0,1,0,1,1,0,0,1,0,0.3,0.3,0.1,0.4,6,16,2,0.25,0.0,0.25,0.25,0.25,0.07,0.02,0.09,0.07,0.09,27.0
139,Roman Dixon,eng ENG,DF,Everton,2004.0,1,1,90,1.0,0,0,0,0,0,0,0,0,0.0,0.0,0.0,0.0,0,0,1,0.0,0.0,0.0,0.0,0.0,0.0,0.0,0.0,0.0,0.0,20.0
140,Nasser Djiga,bf BFA,"DF,FW",Wolves,2002.0,4,0,21,0.2,0,0,0,0,0,0,0,0,0.0,0.0,0.0,0.0,0,0,1,0.0,0.0,0.0,0.0,0.0,0.0,0.0,0.0,0.0,0.0,22.0
141,Matt Doherty,ie IRL,DF,Wolves,1992.0,29,24,2023,22.5,2,1,3,2,0,0,6,0,1.0,1.0,1.5,2.5,29,77,40,0.09,0.04,0.13,0.09,0.13,0.05,0.07,0.11,0.05,0.11,33.0
142,Jeremy Doku,be BEL,"FW,MF",Manchester City,2002.0,27,15,1442,16.0,3,6,9,3,0,0,1,0,1.0,1.0,4.7,5.7,201,67,274,0.19,0.37,0.56,0.19,0.56,0.06,0.29,0.36,0.06,0.36,22.0
143,Nicolás Domínguez,ar ARG,"MF,FW",Nott'ham Forest,1998.0,32,21,1807,20.1,0,1,1,0,0,0,9,0,1.5,1.5,1.3,2.8,14,75,30,0.0,0.05,0.05,0.0,0.05,0.08,0.06,0.14,0.08,0.14,26.0
144,Patrick Dorgu,dk DEN,DF,Manchester Utd,2004.0,10,8,662,7.4,0,0,0,0,0,0,3,1,0.4,0.4,0.4,0.8,30,25,58,0.0,0.0,0.0,0.0,0.0,0.05,0.06,0.11,0.05,0.11,20.0
145,Alfie Dorrington,eng ENG,DF,Tottenham,2005.0,1,0,14,0.2,0,0,0,0,0,0,0,0,0.0,0.0,0.0,0.0,0,0,0,0.0,0.0,0.0,0.0,0.0,0.0,0.0,0.0,0.0,0.0,20.0
146,Abdoulaye Doucouré,ml MLI,MF,Everton,1993.0,31,30,2485,27.6,3,2,5,3,0,0,5,1,3.9,3.9,2.3,6.2,42,80,92,0.11,0.07,0.18,0.11,0.18,0.14,0.08,0.22,0.14,0.22,32.0
147,Cheick Doucouré,ml MLI,MF,Crystal Palace,2000.0,13,4,452,5.0,0,0,0,0,0,0,1,0,0.4,0.4,0.0,0.4,2,19,7,0.0,0.0,0.0,0.0,0.0,0.08,0.0,0.08,0.08,0.08,25.0
148,Flynn Downes,eng ENG,MF,Southampton,1999.0,25,23,1971,21.9,1,0,1,1,0,0,11,0,0.6,0.6,1.1,1.7,25,63,29,0.05,0.0,0.05,0.05,0.05,0.03,0.05,0.08,0.03,0.08,26.0
149,Tommy Doyle,eng ENG,MF,Wolves,2001.0,24,3,488,5.4,0,1,1,0,0,0,1,0,0.6,0.6,0.5,1.1,6,40,4,0.0,0.18,0.18,0.0,0.18,0.1,0.09,0.2,0.1,0.2,23.0
150,Radu Drăgușin,ro ROU,DF,Tottenham,2002.0,16,14,1252,13.9,0,0,0,0,0,0,1,0,0.1,0.1,0.4,0.5,7,37,2,0.0,0.0,0.0,0.0,0.0,0.01,0.03,0.04,0.01,0.04,23.0
151,Martin Dúbravka,sk SVK,GK,Newcastle Utd,1989.0,10,10,900,10.0,0,0,0,0,0,0,0,0,0.0,0.0,0.0,0.0,0,0,0,0.0,0.0,0.0,0.0,0.0,0.0,0.0,0.0,0.0,0.0,36.0
152,Lewis Dunk,eng ENG,DF,Brighton,1991.0,25,23,2083,23.1,0,0,0,0,0,0,5,0,0.8,0.8,0.5,1.3,20,142,3,0.0,0.0,0.0,0.0,0.0,0.03,0.02,0.06,0.03,0.06,33.0
153,Jáder Durán,co COL,FW,Aston Villa,2003.0,20,4,638,7.1,7,0,7,7,0,0,3,1,4.9,4.9,0.2,5.1,7,13,44,0.99,0.0,0.99,0.99,0.99,0.69,0.03,0.71,0.69,0.71,21.0
154,Ederson,br BRA,GK,Manchester City,1993.0,24,24,2140,23.8,0,4,4,0,0,0,3,0,0.0,0.0,1.5,1.5,0,2,0,0.0,0.17,0.17,0.0,0.17,0.0,0.07,0.07,0.0,0.07,31.0
155,George Edmundson,eng ENG,DF,Ipswich Town,1997.0,1,0,2,0.0,0,0,0,0,0,0,0,0,0.0,0.0,0.0,0.0,0,0,0,0.0,0.0,0.0,0.0,0.0,0.0,0.0,0.0,0.0,0.0,27.0
156,Odsonne Édouard,fr FRA,"MF,FW",Crystal Palace,1998.0,2,1,115,1.3,0,0,0,0,0,0,0,0,0.4,0.4,0.0,0.4,2,4,7,0.0,0.0,0.0,0.0,0.0,0.31,0.04,0.34,0.31,0.34,27.0
157,Odsonne Édouard,fr FRA,FW,Leicester City,1998.0,4,0,29,0.3,0,0,0,0,0,0,0,0,0.0,0.0,0.0,0.0,0,1,2,0.0,0.0,0.0,0.0,0.0,0.0,0.13,0.13,0.0,0.13,27.0
158,Samuel Edozie,eng ENG,"DF,FW",Southampton,2003.0,2,0,65,0.7,0,0,0,0,0,0,1,0,0.0,0.0,0.1,0.1,6,4,23,0.0,0.0,0.0,0.0,0.0,0.0,0.14,0.14,0.0,0.14,22.0
159,Ronnie Edwards,eng ENG,DF,Southampton,2003.0,1,0,12,0.1,0,0,0,0,0,0,0,0,0.0,0.0,0.0,0.0,0,0,0,0.0,0.0,0.0,0.0,0.0,0.0,0.0,0.0,0.0,0.0,22.0
160,Anthony Elanga,se SWE,"FW,MF",Nott'ham Forest,2002.0,36,29,2322,25.8,6,10,16,6,0,0,1,0,4.2,4.2,5.3,9.5,91,56,202,0.23,0.39,0.62,0.23,0.62,0.16,0.2,0.37,0.16,0.37,23.0
161,Harvey Elliott,eng ENG,"MF,FW",Liverpool,2003.0,16,1,275,3.1,0,1,1,0,0,0,1,0,0.9,0.9,0.9,1.7,9,32,28,0.0,0.33,0.33,0.0,0.33,0.28,0.29,0.57,0.28,0.57,22.0
162,Yunus Emre Konak,tr TUR,"FW,MF",Brentford,2006.0,10,0,42,0.5,0,0,0,0,0,0,0,0,0.2,0.2,0.0,0.2,1,2,2,0.0,0.0,0.0,0.0,0.0,0.33,0.0,0.33,0.33,0.33,19.0
163,Julio Enciso,py PAR,"FW,MF",Ipswich Town,2004.0,12,11,799,8.9,2,3,5,2,0,0,3,0,1.5,1.5,1.3,2.8,21,25,41,0.23,0.34,0.56,0.23,0.56,0.17,0.14,0.31,0.17,0.31,21.0
164,Julio Enciso,py PAR,"MF,FW",Brighton,2004.0,12,2,294,3.3,0,0,0,0,0,0,0,0,1.0,1.0,0.2,1.2,11,14,17,0.0,0.0,0.0,0.0,0.0,0.31,0.07,0.38,0.31,0.38,21.0
165,Wataru Endo,jp JPN,MF,Liverpool,1993.0,18,1,237,2.6,0,0,0,0,0,0,0,0,0.0,0.0,0.1,0.1,0,14,5,0.0,0.0,0.0,0.0,0.0,0.0,0.02,0.02,0.0,0.02,32.0
166,Christian Eriksen,dk DEN,MF,Manchester Utd,1992.0,22,11,1036,11.5,0,2,2,0,0,0,4,0,0.4,0.4,3.1,3.6,12,55,29,0.0,0.17,0.17,0.0,0.17,0.04,0.27,0.31,0.04,0.31,33.0
167,Romain Esse,eng ENG,MF,Crystal Palace,2005.0,5,0,47,0.5,1,0,1,1,0,0,0,0,0.3,0.3,0.1,0.5,0,3,8,1.91,0.0,1.91,1.91,1.91,0.6,0.25,0.86,0.6,0.86,20.0
168,Pervis Estupiñán,ec ECU,DF,Brighton,1998.0,29,25,2312,25.7,1,1,2,1,0,0,5,0,1.1,1.1,2.1,3.1,57,121,109,0.04,0.04,0.08,0.04,0.08,0.04,0.08,0.12,0.04,0.12,27.0
169,Evanilson,br BRA,FW,Bournemouth,1999.0,29,26,2148,23.9,10,1,11,10,0,1,1,1,11.7,11.0,1.6,12.6,28,25,94,0.42,0.04,0.46,0.42,0.46,0.49,0.07,0.56,0.46,0.53,25.0
170,Jake Evans,,FW,Leicester City,,2,0,8,0.1,0,0,0,0,0,0,0,0,0.0,0.0,0.0,0.0,0,0,1,0.0,0.0,0.0,0.0,0.0,0.0,0.0,0.0,0.0,0.0,
171,Jonny Evans,nir NIR,DF,Manchester Utd,1988.0,6,3,290,3.2,0,0,0,0,0,0,1,0,0.1,0.1,0.0,0.1,1,8,2,0.0,0.0,0.0,0.0,0.0,0.03,0.0,0.03,0.03,0.03,37.0
172,Eberechi Eze,eng ENG,"MF,FW",Crystal Palace,1998.0,32,30,2517,28.0,7,8,15,6,1,2,1,0,10.2,8.7,5.3,13.9,67,94,150,0.25,0.29,0.54,0.21,0.5,0.37,0.19,0.55,0.31,0.5,26.0
173,Łukasz Fabiański,pl POL,GK,West Ham,1985.0,13,12,1070,11.9,0,0,0,0,0,0,2,0,0.0,0.0,0.0,0.0,0,0,0,0.0,0.0,0.0,0.0,0.0,0.0,0.0,0.0,0.0,0.0,40.0
174,Wout Faes,be BEL,DF,Leicester City,1998.0,32,28,2635,29.3,1,0,1,1,0,0,4,0,1.5,1.5,0.1,1.6,12,83,1,0.03,0.0,0.03,0.03,0.03,0.05,0.0,0.06,0.05,0.06,27.0
175,Abdul Fatawu Issahaku,gh GHA,FW,Leicester City,2004.0,11,6,579,6.4,0,2,2,0,0,0,0,0,0.4,0.4,1.6,2.0,42,17,60,0.0,0.31,0.31,0.0,0.31,0.06,0.24,0.31,0.06,0.31,21.0
176,João Félix,pt POR,"FW,MF",Chelsea,1999.0,12,3,369,4.1,1,1,2,1,0,0,2,0,2.2,2.2,1.0,3.2,21,26,30,0.24,0.24,0.49,0.24,0.49,0.54,0.23,0.78,0.54,0.78,25.0
177,Evan Ferguson,ie IRL,FW,West Ham,2004.0,8,1,156,1.7,0,0,0,0,0,0,0,0,0.6,0.6,0.3,0.9,1,1,7,0.0,0.0,0.0,0.0,0.0,0.32,0.17,0.5,0.32,0.5,20.0
178,Evan Ferguson,ie IRL,FW,Brighton,2004.0,13,2,246,2.7,1,0,1,1,0,0,0,0,0.5,0.5,0.4,1.0,2,1,9,0.37,0.0,0.37,0.37,0.37,0.2,0.15,0.35,0.2,0.35,20.0
179,Bruno Fernandes,pt POR,MF,Manchester Utd,1994.0,34,33,2848,31.6,8,9,17,5,3,3,4,2,9.6,7.2,8.1,15.3,67,295,120,0.25,0.28,0.54,0.16,0.44,0.3,0.26,0.56,0.23,0.48,30.0
180,Mateus Fernandes,pt POR,MF,Southampton,2004.0,34,32,2729,30.3,2,3,5,2,0,0,8,0,3.8,3.8,2.6,6.4,75,135,103,0.07,0.1,0.16,0.07,0.16,0.13,0.09,0.21,0.13,0.21,20.0
181,Enzo Fernández,ar ARG,MF,Chelsea,2001.0,34,30,2767,30.7,6,7,13,6,0,0,8,0,6.1,6.1,6.7,12.8,59,207,122,0.2,0.23,0.42,0.2,0.42,0.2,0.22,0.42,0.2,0.42,24.0
182,Mark Flekken,nl NED,GK,Brentford,1993.0,35,35,3095,34.4,0,2,2,0,0,0,1,0,0.0,0.0,0.5,0.5,0,0,0,0.0,0.06,0.06,0.0,0.06,0.0,0.02,0.02,0.0,0.02,31.0
183,Phil Foden,eng ENG,"MF,FW",Manchester City,2000.0,27,20,1768,19.6,7,2,9,7,0,0,2,0,5.2,5.2,4.8,9.9,50,103,128,0.36,0.1,0.46,0.36,0.46,0.26,0.24,0.51,0.26,0.51,24.0
184,Wesley Fofana,fr FRA,DF,Chelsea,2000.0,14,14,1172,13.0,0,0,0,0,0,0,7,0,0.4,0.4,0.4,0.8,19,32,4,0.0,0.0,0.0,0.0,0.0,0.03,0.03,0.07,0.03,0.06,24.0
185,Carlos Forbs,pt POR,"MF,FW",Wolves,2004.0,10,1,239,2.7,0,0,0,0,0,0,2,0,0.1,0.1,0.0,0.2,10,8,28,0.0,0.0,0.0,0.0,0.0,0.05,0.01,0.07,0.05,0.07,21.0
186,Fraser Forster,eng ENG,GK,Tottenham,1988.0,7,7,630,7.0,0,0,0,0,0,0,0,0,0.0,0.0,0.0,0.0,0,0,0,0.0,0.0,0.0,0.0,0.0,0.0,0.0,0.0,0.0,0.0,37.0
187,Matheus França,br BRA,"FW,MF",Crystal Palace,2004.0,2,0,26,0.3,1,0,1,1,0,0,0,0,0.1,0.1,0.0,0.1,1,2,2,3.46,0.0,3.46,3.46,3.46,0.43,0.0,0.43,0.43,0.43,21.0
188,Ryan Fraser,sct SCO,"FW,DF",Southampton,1994.0,8,4,306,3.4,0,0,0,0,0,0,0,1,0.0,0.0,0.1,0.1,10,8,18,0.0,0.0,0.0,0.0,0.0,0.01,0.03,0.04,0.01,0.04,31.0
189,Tyler Fredricson,eng ENG,DF,Manchester Utd,2005.0,2,2,165,1.8,0,0,0,0,0,0,0,0,0.0,0.0,0.0,0.0,2,8,0,0.0,0.0,0.0,0.0,0.0,0.0,0.0,0.0,0.0,0.0,20.0
190,Niclas Füllkrug,de GER,FW,West Ham,1993.0,16,5,686,7.6,3,2,5,3,0,0,2,0,2.0,2.0,1.9,3.9,6,12,25,0.39,0.26,0.66,0.39,0.66,0.26,0.25,0.51,0.26,0.51,32.0
191,Cody Gakpo,nl NED,FW,Liverpool,1999.0,33,21,1783,19.8,10,3,13,10,0,0,5,0,6.9,6.9,3.5,10.4,53,52,256,0.5,0.15,0.66,0.5,0.66,0.35,0.18,0.53,0.35,0.53,26.0
192,Idrissa Gana Gueye,sn SEN,MF,Everton,1989.0,35,33,2883,32.0,0,3,3,0,0,0,8,0,1.1,1.1,1.7,2.8,26,136,24,0.0,0.09,0.09,0.0,0.09,0.03,0.05,0.09,0.03,0.09,35.0
193,Andrés García,es ESP,"DF,MF",Aston Villa,2003.0,7,5,318,3.5,0,0,0,0,0,0,0,0,0.0,0.0,0.2,0.2,26,15,28,0.0,0.0,0.0,0.0,0.0,0.01,0.05,0.06,0.01,0.06,22.0
194,Alejandro Garnacho,ar ARG,"MF,FW",Manchester Utd,2004.0,35,23,2178,24.2,6,2,8,6,0,0,3,0,7.3,7.3,4.5,11.8,140,56,290,0.25,0.08,0.33,0.25,0.33,0.3,0.19,0.49,0.3,0.49,20.0
195,James Garner,eng ENG,"MF,DF",Everton,2001.0,19,15,1414,15.7,0,1,1,0,0,0,3,0,0.3,0.3,1.3,1.6,12,47,24,0.0,0.06,0.06,0.0,0.06,0.02,0.09,0.1,0.02,0.1,24.0
196,Tyrique George,eng ENG,FW,Chelsea,2006.0,7,0,103,1.1,1,1,2,1,0,0,1,0,0.2,0.2,0.7,0.9,9,2,18,0.87,0.87,1.75,0.87,1.75,0.17,0.63,0.8,0.17,0.8,19.0
197,Morgan Gibbs-White,eng ENG,MF,Nott'ham Forest,2000.0,32,32,2631,29.2,6,8,14,6,0,0,11,1,5.2,5.2,4.8,9.9,66,158,126,0.21,0.27,0.48,0.21,0.48,0.18,0.16,0.34,0.18,0.34,25.0
198,Billy Gilmour,sct SCO,MF,Brighton,2001.0,2,1,98,1.1,0,0,0,0,0,0,0,0,0.1,0.1,0.0,0.1,2,11,2,0.0,0.0,0.0,0.0,0.0,0.07,0.0,0.07,0.07,0.07,23.0
199,Ben Godfrey,eng ENG,DF,Ipswich Town,1998.0,3,2,159,1.8,0,0,0,0,0,0,1,0,0.0,0.0,0.0,0.0,2,4,1,0.0,0.0,0.0,0.0,0.0,0.0,0.0,0.0,0.0,0.0,27.0
200,Martial Godo,eng ENG,"FW,DF",Fulham,2003.0,2,0,24,0.3,0,0,0,0,0,0,0,0,0.0,0.0,0.1,0.1,2,3,6,0.0,0.0,0.0,0.0,0.0,0.0,0.21,0.21,0.0,0.21,22.0
201,Michael Golding,eng ENG,MF,Leicester City,2006.0,1,0,1,0.0,0,0,0,0,0,0,0,0,0.0,0.0,0.0,0.0,0,0,0,0.0,0.0,0.0,0.0,0.0,0.0,0.0,0.0,0.0,0.0,18.0
202,João Gomes,br BRA,MF,Wolves,2001.0,34,34,2839,31.5,3,1,4,3,0,0,10,1,2.7,2.7,1.2,3.9,53,151,70,0.1,0.03,0.13,0.1,0.13,0.09,0.04,0.12,0.09,0.12,24.0
203,Rodrigo Gomes,pt POR,"DF,FW",Wolves,2003.0,23,6,704,7.8,2,0,2,2,0,0,0,0,0.6,0.6,0.9,1.5,22,25,72,0.26,0.0,0.26,0.26,0.26,0.07,0.12,0.19,0.07,0.19,21.0
204,Toti Gomes,pt POR,DF,Wolves,1999.0,29,28,2434,27.0,0,1,1,0,0,0,6,0,0.7,0.7,0.9,1.7,25,73,17,0.0,0.04,0.04,0.0,0.04,0.03,0.04,0.06,0.03,0.06,26.0
205,Diego Gómez,py PAR,MF,Brighton,2003.0,14,4,453,5.0,0,0,0,0,0,0,0,0,0.7,0.7,0.5,1.2,6,22,14,0.0,0.0,0.0,0.0,0.0,0.14,0.1,0.24,0.14,0.24,22.0
206,Joe Gomez,eng ENG,DF,Liverpool,1997.0,9,6,519,5.8,0,0,0,0,0,0,1,0,0.3,0.3,0.1,0.4,5,35,2,0.0,0.0,0.0,0.0,0.0,0.06,0.02,0.08,0.06,0.08,27.0
207,Nicolás González,es ESP,MF,Manchester City,2002.0,9,8,648,7.2,0,0,0,0,0,0,3,0,0.3,0.3,0.1,0.3,5,46,10,0.0,0.0,0.0,0.0,0.0,0.04,0.01,0.05,0.04,0.05,23.0
208,Anthony Gordon,eng ENG,FW,Newcastle Utd,2001.0,32,26,2299,25.5,6,5,11,5,1,2,2,0,8.0,6.4,4.9,11.4,113,95,203,0.23,0.2,0.43,0.2,0.39,0.31,0.19,0.51,0.25,0.44,24.0
209,Ryan Gravenberch,nl NED,MF,Liverpool,2002.0,35,35,3003,33.4,0,4,4,0,0,0,5,0,1.1,1.1,2.9,4.0,66,171,54,0.0,0.12,0.12,0.0,0.12,0.03,0.09,0.12,0.03,0.12,23.0
210,Archie Gray,eng ENG,"DF,MF",Tottenham,2006.0,26,17,1571,17.5,0,0,0,0,0,0,0,0,0.0,0.0,0.1,0.1,7,37,17,0.0,0.0,0.0,0.0,0.0,0.0,0.01,0.01,0.0,0.01,19.0
211,Jack Grealish,eng ENG,"FW,MF",Manchester City,1995.0,19,7,720,8.0,1,1,2,1,0,0,3,0,1.1,1.1,1.8,3.0,69,52,118,0.12,0.12,0.25,0.12,0.25,0.14,0.23,0.37,0.14,0.37,29.0
212,Jacob Greaves,eng ENG,DF,Ipswich Town,2000.0,23,23,2025,22.5,1,0,1,1,0,0,5,0,1.3,1.3,0.2,1.5,8,56,9,0.04,0.0,0.04,0.04,0.04,0.06,0.01,0.07,0.06,0.07,24.0
213,Brajan Gruda,de GER,"MF,FW",Brighton,2004.0,19,6,540,6.0,1,3,4,1,0,0,0,0,1.0,1.0,1.5,2.5,17,17,48,0.17,0.5,0.67,0.17,0.67,0.16,0.25,0.42,0.16,0.42,20.0
214,Albert Grønbaek,dk DEN,"FW,MF",Southampton,2001.0,4,2,143,1.6,0,0,0,0,0,0,0,0,0.1,0.1,0.0,0.1,1,1,3,0.0,0.0,0.0,0.0,0.0,0.07,0.01,0.08,0.07,0.08,23.0
215,Gonçalo Guedes,pt POR,"MF,FW",Wolves,1996.0,27,8,841,9.3,2,4,6,2,0,0,1,0,2.8,2.8,1.1,3.9,36,33,66,0.21,0.43,0.64,0.21,0.64,0.3,0.12,0.41,0.3,0.41,28.0
216,Marc Guéhi,eng ENG,DF,Crystal Palace,2000.0,34,34,3059,34.0,3,2,5,3,0,0,9,1,2.0,2.0,1.7,3.7,22,134,10,0.09,0.06,0.15,0.09,0.15,0.06,0.05,0.11,0.06,0.11,24.0
217,Luis Guilherme,br BRA,"MF,FW",West Ham,2006.0,11,1,138,1.5,0,0,0,0,0,0,0,0,0.3,0.3,0.1,0.4,3,3,13,0.0,0.0,0.0,0.0,0.0,0.19,0.05,0.24,0.19,0.24,19.0
218,Bruno Guimarães,br BRA,MF,Newcastle Utd,1997.0,36,36,3091,34.3,5,6,11,5,0,0,7,0,4.0,4.0,5.8,9.8,54,257,88,0.15,0.17,0.32,0.15,0.32,0.12,0.17,0.28,0.12,0.28,27.0
219,Marc Guiu,es ESP,FW,Chelsea,2006.0,3,0,73,0.8,0,0,0,0,0,0,0,0,0.0,0.0,0.0,0.0,0,0,3,0.0,0.0,0.0,0.0,0.0,0.0,0.04,0.04,0.0,0.04,19.0
220,İlkay Gündoğan,de GER,MF,Manchester City,1990.0,31,23,2050,22.8,0,5,5,0,0,0,1,0,2.7,2.7,2.8,5.5,57,115,86,0.0,0.22,0.22,0.0,0.22,0.12,0.12,0.24,0.12,0.24,34.0
221,Malo Gusto,fr FRA,DF,Chelsea,2003.0,30,19,1848,20.5,0,1,1,0,0,0,4,0,1.7,1.7,1.4,3.1,49,119,84,0.0,0.05,0.05,0.0,0.05,0.08,0.07,0.15,0.08,0.15,21.0
222,Joško Gvardiol,hr CRO,DF,Manchester City,2002.0,35,34,3097,34.4,5,0,5,5,0,0,2,0,4.4,4.1,2.0,6.1,87,256,112,0.15,0.0,0.15,0.15,0.15,0.13,0.06,0.19,0.12,0.18,23.0
223,Erling Haaland,no NOR,FW,Manchester City,2000.0,29,29,2570,28.6,21,3,24,19,2,3,2,0,20.9,18.5,2.9,21.4,20,18,110,0.74,0.11,0.84,0.67,0.77,0.73,0.1,0.83,0.65,0.75,24.0
224,Lewis Hall,eng ENG,DF,Newcastle Utd,2004.0,27,24,2189,24.3,0,4,4,0,0,0,3,0,0.4,0.4,4.3,4.7,41,123,80,0.0,0.16,0.16,0.0,0.16,0.02,0.18,0.19,0.02,0.19,20.0
225,Ali Al Hamadi,iq IRQ,FW,Ipswich Town,2002.0,11,0,134,1.5,0,0,0,0,0,0,3,0,0.4,0.4,0.1,0.4,4,3,14,0.0,0.0,0.0,0.0,0.0,0.24,0.05,0.28,0.24,0.28,23.0
226,Marcus Harness,eng ENG,MF,Ipswich Town,1996.0,2,0,45,0.5,0,0,0,0,0,0,0,0,0.0,0.0,0.0,0.0,0,2,1,0.0,0.0,0.0,0.0,0.0,0.0,0.0,0.0,0.0,0.0,29.0
227,Jack Harrison,eng ENG,FW,Everton,1996.0,32,23,1960,21.8,1,0,1,1,0,0,0,0,3.5,3.5,3.7,7.2,71,48,121,0.05,0.0,0.05,0.05,0.05,0.16,0.17,0.33,0.16,0.33,28.0
228,Taylor Harwood-Bellis,eng ENG,DF,Southampton,2002.0,33,31,2744,30.5,1,0,1,1,0,0,9,0,1.8,1.8,1.0,2.8,29,121,9,0.03,0.0,0.03,0.03,0.03,0.06,0.03,0.09,0.06,0.09,23.0
229,Kai Havertz,de GER,"FW,MF",Arsenal,1999.0,21,21,1839,20.4,9,3,12,9,0,0,4,0,9.4,9.4,2.4,11.8,34,59,110,0.44,0.15,0.59,0.44,0.59,0.46,0.12,0.58,0.46,0.58,25.0
230,Ayden Heaven,eng ENG,DF,Manchester Utd,2006.0,2,1,95,1.1,0,0,0,0,0,0,0,0,0.0,0.0,0.0,0.0,1,2,1,0.0,0.0,0.0,0.0,0.0,0.0,0.0,0.0,0.0,0.0,18.0
231,Jan Paul van Hecke,nl NED,DF,Brighton,2000.0,32,31,2778,30.9,1,1,2,1,0,0,8,1,1.3,1.3,1.5,2.7,53,217,5,0.03,0.03,0.06,0.03,0.06,0.04,0.05,0.09,0.04,0.09,24.0
232,Hwang Hee-chan,kr KOR,"MF,FW",Wolves,1996.0,20,5,651,7.2,2,0,2,2,0,0,0,0,0.8,0.8,0.1,0.9,15,12,41,0.28,0.0,0.28,0.28,0.28,0.11,0.02,0.13,0.11,0.13,29.0
233,Dean Henderson,eng ENG,GK,Crystal Palace,1997.0,36,36,3240,36.0,0,0,0,0,0,0,3,0,0.0,0.0,0.1,0.1,0,0,0,0.0,0.0,0.0,0.0,0.0,0.0,0.0,0.0,0.0,0.0,28.0
234,Rico Henry,eng ENG,DF,Brentford,1997.0,4,0,83,0.9,0,0,0,0,0,0,0,0,0.0,0.0,0.0,0.0,0,1,1,0.0,0.0,0.0,0.0,0.0,0.0,0.0,0.0,0.0,0.0,27.0
235,Mads Hermansen,dk DEN,GK,Leicester City,2000.0,27,27,2385,26.5,0,0,0,0,0,0,1,0,0.0,0.0,0.0,0.0,0,1,0,0.0,0.0,0.0,0.0,0.0,0.0,0.0,0.0,0.0,0.0,24.0
236,Son Heung-min,kr KOR,FW,Tottenham,1992.0,29,23,2037,22.6,7,9,16,6,1,2,1,0,7.1,5.5,8.2,13.8,89,108,262,0.31,0.4,0.71,0.27,0.66,0.31,0.36,0.68,0.24,0.61,32.0
237,James Hill,eng ENG,DF,Bournemouth,2002.0,10,6,448,5.0,0,1,1,0,0,0,1,0,0.3,0.3,0.3,0.6,3,16,8,0.0,0.2,0.2,0.0,0.2,0.06,0.05,0.11,0.06,0.11,23.0
238,Jack Hinshelwood,eng ENG,"DF,MF",Brighton,2005.0,24,21,1745,19.4,2,2,4,2,0,0,5,0,1.5,1.5,1.3,2.8,18,63,47,0.1,0.1,0.21,0.1,0.21,0.08,0.07,0.14,0.08,0.14,20.0
239,George Hirst,sct SCO,FW,Ipswich Town,1999.0,24,3,522,5.8,3,1,4,3,0,0,3,0,1.9,1.9,0.3,2.2,9,13,29,0.52,0.17,0.69,0.52,0.69,0.32,0.06,0.38,0.32,0.38,26.0
240,Mason Holgate,eng ENG,"FW,DF",Everton,1996.0,1,0,6,0.1,0,0,0,0,0,0,0,0,0.0,0.0,0.0,0.0,0,0,0,0.0,0.0,0.0,0.0,0.0,0.0,0.0,0.0,0.0,0.0,28.0
241,Callum Hudson-Odoi,eng ENG,"FW,MF",Nott'ham Forest,2000.0,29,25,2152,23.9,5,2,7,5,0,0,2,0,2.5,2.5,2.7,5.2,127,66,186,0.21,0.08,0.29,0.21,0.29,0.1,0.11,0.22,0.1,0.22,24.0
242,Will Hughes,eng ENG,MF,Crystal Palace,1995.0,31,22,1985,22.1,0,3,3,0,0,0,11,0,1.1,1.1,3.1,4.1,19,85,26,0.0,0.14,0.14,0.0,0.14,0.05,0.14,0.19,0.05,0.19,30.0
243,Dean Huijsen,es ESP,DF,Bournemouth,2005.0,30,25,2324,25.8,3,1,4,3,0,0,9,0,1.9,1.9,2.0,3.8,40,128,10,0.12,0.04,0.15,0.12,0.15,0.07,0.08,0.15,0.07,0.15,20.0
244,Omari Hutchinson,eng ENG,"MF,FW",Ipswich Town,2003.0,29,28,2403,26.7,3,2,5,3,0,0,5,0,2.4,2.4,3.3,5.7,82,71,142,0.11,0.07,0.19,0.11,0.19,0.09,0.12,0.21,0.09,0.21,21.0
245,Rasmus Højlund,dk DEN,FW,Manchester Utd,2003.0,30,21,1834,20.4,4,0,4,4,0,0,2,0,5.2,5.2,1.3,6.4,27,17,94,0.2,0.0,0.2,0.2,0.2,0.25,0.06,0.31,0.25,0.31,22.0
246,Igor,br BRA,DF,Brighton,1998.0,12,9,903,10.0,0,0,0,0,0,0,4,0,0.0,0.0,0.2,0.2,9,44,0,0.0,0.0,0.0,0.0,0.0,0.0,0.02,0.02,0.0,0.02,27.0
247,Danny Ings,eng ENG,"FW,MF",West Ham,1992.0,15,1,284,3.2,1,2,3,1,0,0,0,0,2.3,2.3,1.3,3.5,6,5,29,0.32,0.63,0.95,0.32,0.95,0.72,0.41,1.12,0.72,1.12,32.0
248,Tim Iroegbunam,eng ENG,MF,Everton,2003.0,18,5,574,6.4,0,1,1,0,0,0,4,0,0.2,0.2,0.2,0.4,8,15,9,0.0,0.16,0.16,0.0,0.16,0.04,0.03,0.07,0.04,0.07,21.0
249,Andy Irving,sct SCO,MF,West Ham,2000.0,10,1,166,1.8,0,0,0,0,0,0,2,0,0.1,0.1,0.2,0.4,0,9,4,0.0,0.0,0.0,0.0,0.0,0.06,0.13,0.19,0.06,0.19,25.0
250,Alexander Isak,se SWE,FW,Newcastle Utd,1999.0,33,33,2666,29.6,23,6,29,19,4,4,1,0,20.2,17.1,4.3,21.4,82,84,206,0.78,0.2,0.98,0.64,0.84,0.68,0.15,0.83,0.58,0.72,25.0
251,Alex Iwobi,ng NGA,"FW,MF",Fulham,1996.0,36,34,2886,32.1,9,6,15,9,0,0,1,0,4.6,4.6,7.0,11.7,140,206,234,0.28,0.19,0.47,0.28,0.47,0.15,0.22,0.36,0.15,0.36,29.0
252,Nicolas Jackson,sn SEN,FW,Chelsea,2001.0,30,28,2220,24.7,10,5,15,10,0,0,7,1,12.3,12.3,4.3,16.6,47,38,129,0.41,0.2,0.61,0.41,0.61,0.5,0.17,0.67,0.5,0.67,23.0
253,Reece James,eng ENG,"DF,MF",Chelsea,1999.0,17,10,883,9.8,1,0,1,1,0,0,1,0,0.4,0.4,0.5,0.9,6,55,12,0.1,0.0,0.1,0.1,0.1,0.04,0.06,0.09,0.04,0.09,25.0
254,Vitaly Janelt,de GER,MF,Brentford,1998.0,32,27,2254,25.0,1,3,4,1,0,0,3,0,0.8,0.8,2.2,3.0,17,80,38,0.04,0.12,0.16,0.04,0.16,0.03,0.09,0.12,0.03,0.12,27.0
255,Vitezslav Jaros,cz CZE,GK,Liverpool,2001.0,1,0,12,0.1,0,0,0,0,0,0,0,0,0.0,0.0,0.0,0.0,0,0,0,0.0,0.0,0.0,0.0,0.0,0.0,0.0,0.0,0.0,0.0,23.0
256,Daniel Jebbison,eng ENG,FW,Bournemouth,2003.0,14,0,83,0.9,0,0,0,0,0,0,1,0,0.7,0.7,0.2,0.9,2,3,11,0.0,0.0,0.0,0.0,0.0,0.73,0.21,0.94,0.73,0.94,21.0
257,Mathias Jensen,dk DEN,MF,Brentford,1996.0,22,8,835,9.3,0,2,2,0,0,0,2,0,0.2,0.2,1.6,1.8,6,56,26,0.0,0.22,0.22,0.0,0.22,0.03,0.17,0.2,0.03,0.2,29.0
258,Gabriel Jesus,br BRA,FW,Arsenal,1997.0,17,6,608,6.8,3,0,3,3,0,0,4,0,3.0,3.0,0.7,3.7,15,19,57,0.44,0.0,0.44,0.44,0.44,0.44,0.1,0.54,0.44,0.54,28.0
259,Raúl Jiménez,mx MEX,FW,Fulham,1991.0,36,28,2314,25.7,11,3,14,8,3,3,4,0,11.4,9.0,3.3,12.3,33,58,123,0.43,0.12,0.54,0.31,0.43,0.44,0.13,0.57,0.35,0.48,34.0
260,Kim Jisoo,kr KOR,DF,Brentford,2004.0,3,0,30,0.3,0,0,0,0,0,0,0,0,0.0,0.0,0.0,0.0,0,2,0,0.0,0.0,0.0,0.0,0.0,0.0,0.0,0.0,0.0,0.0,20.0
261,João Pedro,br BRA,"FW,MF",Brighton,2001.0,27,23,1948,21.6,10,6,16,5,5,5,4,1,8.9,5.0,5.0,10.0,66,78,128,0.46,0.28,0.74,0.23,0.51,0.41,0.23,0.64,0.23,0.46,23.0
262,Joelinton,br BRA,"MF,FW",Newcastle Utd,1996.0,29,29,2393,26.6,4,3,7,4,0,0,10,0,3.9,3.9,2.5,6.4,40,116,110,0.15,0.11,0.26,0.15,0.26,0.15,0.09,0.24,0.15,0.24,28.0
263,Ben Johnson,eng ENG,"DF,FW",Ipswich Town,2000.0,23,14,1354,15.0,1,2,3,1,0,0,5,1,1.1,1.1,1.3,2.3,16,27,33,0.07,0.13,0.2,0.07,0.2,0.07,0.09,0.16,0.07,0.16,25.0
264,Brennan Johnson,wls WAL,FW,Tottenham,2001.0,31,23,2083,23.1,11,3,14,11,0,0,5,0,9.8,9.8,2.3,12.1,57,70,194,0.48,0.13,0.6,0.48,0.6,0.43,0.1,0.52,0.43,0.52,23.0
265,Sam Johnstone,eng ENG,GK,Wolves,1993.0,7,7,630,7.0,0,0,0,0,0,0,0,0,0.0,0.0,0.0,0.0,0,0,0,0.0,0.0,0.0,0.0,0.0,0.0,0.0,0.0,0.0,0.0,32.0
266,Curtis Jones,eng ENG,"MF,DF",Liverpool,2001.0,31,18,1594,17.7,3,3,6,3,0,0,3,1,4.2,4.2,1.0,5.3,26,99,73,0.17,0.17,0.34,0.17,0.34,0.24,0.06,0.3,0.24,0.3,24.0
267,Jorginho,it ITA,MF,Arsenal,1991.0,14,9,703,7.8,0,0,0,0,0,0,5,0,0.1,0.1,0.4,0.5,12,48,6,0.0,0.0,0.0,0.0,0.0,0.01,0.05,0.06,0.01,0.06,33.0
268,Diogo Jota,pt POR,FW,Liverpool,1996.0,25,14,1166,13.0,6,3,9,6,0,0,2,0,7.6,7.6,1.8,9.4,37,33,87,0.46,0.23,0.69,0.46,0.69,0.59,0.14,0.73,0.59,0.73,28.0
269,James Justin,eng ENG,DF,Leicester City,1998.0,34,32,2759,30.7,2,1,3,2,0,0,6,0,1.5,1.5,0.6,2.1,39,87,94,0.07,0.03,0.1,0.07,0.1,0.05,0.02,0.07,0.05,0.07,27.0
270,Filip Jørgensen,dk DEN,GK,Chelsea,2002.0,6,6,540,6.0,0,0,0,0,0,0,0,0,0.0,0.0,0.0,0.0,0,0,0,0.0,0.0,0.0,0.0,0.0,0.0,0.0,0.0,0.0,0.0,23.0
271,Ferdi Kadioglu,tr TUR,"DF,MF",Brighton,1999.0,6,5,385,4.3,1,0,1,1,0,0,1,0,0.4,0.4,0.2,0.6,1,15,27,0.23,0.0,0.23,0.23,0.23,0.1,0.04,0.14,0.1,0.14,25.0
272,Daichi Kamada,jp JPN,MF,Crystal Palace,1996.0,32,14,1454,16.2,0,0,0,0,0,0,4,1,1.1,1.1,1.9,3.0,24,83,54,0.0,0.0,0.0,0.0,0.0,0.07,0.12,0.19,0.07,0.19,28.0
273,Boubacar Kamara,fr FRA,MF,Aston Villa,1999.0,24,18,1553,17.3,0,0,0,0,0,0,2,0,0.8,0.8,0.9,1.7,17,78,7,0.0,0.0,0.0,0.0,0.0,0.05,0.05,0.1,0.05,0.1,25.0
274,Michael Kayode,it ITA,DF,Brentford,2004.0,10,4,381,4.2,0,1,1,0,0,0,2,0,0.2,0.2,1.1,1.4,10,9,22,0.0,0.24,0.24,0.0,0.24,0.05,0.27,0.32,0.05,0.32,20.0
275,Michael Keane,eng ENG,DF,Everton,1993.0,12,10,942,10.5,3,0,3,3,0,0,5,0,0.6,0.6,0.1,0.7,1,12,3,0.29,0.0,0.29,0.29,0.29,0.06,0.01,0.07,0.06,0.07,32.0
276,Caoimhín Kelleher,ie IRL,GK,Liverpool,1998.0,10,10,900,10.0,0,0,0,0,0,0,0,0,0.0,0.0,0.0,0.0,0,0,0,0.0,0.0,0.0,0.0,0.0,0.0,0.0,0.0,0.0,0.0,26.0
277,Lloyd Kelly,eng ENG,DF,Newcastle Utd,1998.0,10,4,303,3.4,0,1,1,0,0,0,2,0,0.4,0.4,0.5,0.9,0,9,5,0.0,0.3,0.3,0.0,0.3,0.12,0.14,0.26,0.12,0.26,26.0
278,Milos Kerkez,hu HUN,DF,Bournemouth,2003.0,36,36,3164,35.2,2,5,7,2,0,0,4,0,0.5,0.5,3.8,4.3,98,150,181,0.06,0.14,0.2,0.06,0.2,0.02,0.11,0.12,0.01,0.12,21.0
279,Bilal El Khannouss,ma MAR,MF,Leicester City,2004.0,31,26,2092,23.2,2,3,5,2,0,0,4,0,1.2,1.2,4.3,5.5,72,122,84,0.09,0.13,0.22,0.09,0.22,0.05,0.18,0.24,0.05,0.24,21.0
280,Abdukodir Khusanov,uz UZB,DF,Manchester City,2004.0,6,6,503,5.6,0,0,0,0,0,0,1,0,0.0,0.0,0.1,0.1,1,25,2,0.0,0.0,0.0,0.0,0.0,0.0,0.02,0.02,0.0,0.02,21.0
281,Max Kilman,eng ENG,DF,West Ham,1997.0,36,36,3168,35.2,0,1,1,0,0,0,4,0,1.6,1.6,1.2,2.8,30,109,6,0.0,0.03,0.03,0.0,0.03,0.05,0.03,0.08,0.05,0.08,27.0
282,Joshua King,eng ENG,MF,Fulham,2007.0,6,1,88,1.0,0,0,0,0,0,0,0,0,0.2,0.2,0.4,0.7,1,5,13,0.0,0.0,0.0,0.0,0.0,0.26,0.44,0.69,0.26,0.69,18.0
283,Antonín Kinský,cz CZE,GK,Tottenham,2003.0,5,5,450,5.0,0,0,0,0,0,0,0,0,0.0,0.0,0.1,0.1,1,1,0,0.0,0.0,0.0,0.0,0.0,0.0,0.01,0.01,0.0,0.01,22.0
284,Jakub Kiwior,pl POL,DF,Arsenal,2000.0,15,8,942,10.5,1,0,1,1,0,0,0,0,0.2,0.2,0.3,0.4,5,42,1,0.1,0.0,0.1,0.1,0.1,0.02,0.02,0.04,0.02,0.04,25.0
285,Justin Kluivert,nl NED,"MF,FW",Bournemouth,1999.0,32,27,2206,24.5,12,6,18,6,6,6,8,0,10.0,5.3,4.8,10.1,77,100,162,0.49,0.24,0.73,0.24,0.49,0.41,0.2,0.61,0.22,0.41,26.0
286,Ibrahima Konaté,fr FRA,DF,Liverpool,1999.0,29,28,2410,26.8,1,2,3,1,0,0,5,0,1.7,1.7,1.0,2.7,21,105,3,0.04,0.07,0.11,0.04,0.11,0.06,0.04,0.1,0.06,0.1,25.0
287,Ezri Konsa,eng ENG,DF,Aston Villa,1997.0,32,31,2756,30.6,1,0,1,1,0,0,1,0,0.9,0.9,0.4,1.3,17,77,11,0.03,0.0,0.03,0.03,0.03,0.03,0.01,0.04,0.03,0.04,27.0
288,Mateo Kovačić,hr CRO,MF,Manchester City,1994.0,30,24,2132,23.7,6,1,7,6,0,0,5,0,1.9,1.9,3.6,5.4,54,156,15,0.25,0.04,0.3,0.25,0.3,0.08,0.15,0.23,0.08,0.23,31.0
289,Caleb Kporha,eng ENG,DF,Crystal Palace,2006.0,2,0,13,0.1,0,0,0,0,0,0,0,0,0.0,0.0,0.0,0.0,1,0,0,0.0,0.0,0.0,0.0,0.0,0.0,0.0,0.0,0.0,0.0,18.0
290,Emil Krafth,se SWE,DF,Newcastle Utd,1994.0,11,2,315,3.5,0,0,0,0,0,0,1,0,0.0,0.0,0.1,0.1,5,8,3,0.0,0.0,0.0,0.0,0.0,0.01,0.03,0.03,0.01,0.03,30.0
291,Mohammed Kudus,gh GHA,"FW,MF",West Ham,2000.0,30,30,2493,27.7,4,3,7,4,0,0,2,1,6.7,6.7,3.0,9.7,95,77,207,0.14,0.11,0.25,0.14,0.25,0.24,0.11,0.35,0.24,0.35,24.0
292,Dejan Kulusevski,se SWE,"MF,FW",Tottenham,2000.0,32,27,2389,26.5,7,4,11,7,0,0,3,0,4.2,4.2,6.2,10.4,120,124,210,0.26,0.15,0.41,0.26,0.41,0.16,0.23,0.39,0.16,0.39,25.0
293,Maxence Lacroix,fr FRA,DF,Crystal Palace,2000.0,33,33,2936,32.6,1,1,2,1,0,0,5,0,3.4,3.4,0.8,4.2,8,63,7,0.03,0.03,0.06,0.03,0.06,0.1,0.03,0.13,0.1,0.13,25.0
294,Adam Lallana,eng ENG,MF,Southampton,1988.0,14,5,361,4.0,0,2,2,0,0,0,4,0,0.2,0.2,0.9,1.1,6,24,10,0.0,0.5,0.5,0.0,0.5,0.04,0.23,0.27,0.04,0.27,37.0
295,Tariq Lamptey,gh GHA,DF,Brighton,2000.0,15,10,860,9.6,2,2,4,2,0,0,0,0,0.4,0.4,0.8,1.2,32,14,45,0.21,0.21,0.42,0.21,0.42,0.04,0.08,0.12,0.04,0.12,24.0
296,Will Lankshear,eng ENG,"FW,MF",Tottenham,2005.0,3,0,11,0.1,0,0,0,0,0,0,0,0,0.0,0.0,0.0,0.0,0,0,1,0.0,0.0,0.0,0.0,0.0,0.0,0.0,0.0,0.0,0.0,20.0
297,Roméo Lavia,be BEL,MF,Chelsea,2004.0,14,11,758,8.4,0,1,1,0,0,0,4,0,0.2,0.2,0.7,0.9,3,31,7,0.0,0.12,0.12,0.0,0.12,0.02,0.09,0.11,0.02,0.11,21.0
298,Mario Lemina,ga GAB,"MF,DF",Wolves,1993.0,17,15,1364,15.2,1,3,4,1,0,0,4,0,1.4,1.4,1.1,2.5,8,48,21,0.07,0.2,0.26,0.07,0.26,0.09,0.07,0.17,0.09,0.17,31.0
299,Bernd Leno,de GER,GK,Fulham,1992.0,36,36,3240,36.0,0,1,1,0,0,0,4,0,0.0,0.0,0.1,0.1,0,0,0,0.0,0.03,0.03,0.0,0.03,0.0,0.0,0.0,0.0,0.0,33.0
300,Jefferson Lerma,co COL,"MF,DF",Crystal Palace,1994.0,31,24,2094,23.3,0,1,1,0,0,0,9,0,1.1,1.1,1.5,2.6,12,94,26,0.0,0.04,0.04,0.0,0.04,0.05,0.07,0.11,0.05,0.11,30.0
301,Rico Lewis,eng ENG,"DF,MF",Manchester City,2004.0,28,21,1893,21.0,1,2,3,1,0,0,5,1,1.4,1.4,0.3,1.7,39,107,78,0.05,0.1,0.14,0.05,0.14,0.07,0.02,0.08,0.07,0.08,20.0
302,Keane Lewis-Potter,eng ENG,"DF,FW",Brentford,2001.0,36,34,2929,32.5,1,3,4,1,0,0,6,0,2.6,2.6,3.2,5.7,92,91,147,0.03,0.09,0.12,0.03,0.12,0.08,0.1,0.18,0.08,0.18,24.0
303,Myles Lewis-Skelly,eng ENG,DF,Arsenal,2006.0,21,14,1258,14.0,1,0,1,1,0,0,3,2,0.1,0.1,0.4,0.5,32,65,36,0.07,0.0,0.07,0.07,0.07,0.01,0.03,0.04,0.01,0.04,18.0
304,Matthijs de Ligt,nl NED,DF,Manchester Utd,1999.0,29,25,2123,23.6,2,0,2,2,0,0,3,0,2.5,2.5,0.3,2.8,7,55,6,0.08,0.0,0.08,0.08,0.08,0.1,0.01,0.12,0.1,0.12,25.0
305,Pedro Lima,br BRA,DF,Wolves,2006.0,3,1,70,0.8,0,0,0,0,0,0,0,0,0.1,0.1,0.1,0.1,4,4,11,0.0,0.0,0.0,0.0,0.0,0.07,0.09,0.16,0.07,0.16,18.0
306,Victor Lindelöf,se SWE,DF,Manchester Utd,1994.0,14,4,524,5.8,0,0,0,0,0,0,1,0,0.0,0.0,0.1,0.1,2,15,3,0.0,0.0,0.0,0.0,0.0,0.0,0.01,0.01,0.0,0.01,30.0
307,Jesper Lindstrøm,dk DEN,FW,Everton,2000.0,25,15,1239,13.8,0,1,1,0,0,0,2,0,2.1,2.1,2.0,4.1,30,25,81,0.0,0.07,0.07,0.0,0.07,0.15,0.15,0.3,0.15,0.3,25.0
308,Valentino Livramento,eng ENG,DF,Newcastle Utd,2002.0,35,30,2660,29.6,0,1,1,0,0,0,1,0,0.2,0.2,2.5,2.8,74,150,102,0.0,0.03,0.03,0.0,0.03,0.01,0.09,0.09,0.01,0.09,22.0
309,Sean Longstaff,eng ENG,MF,Newcastle Utd,1997.0,25,8,798,8.9,0,0,0,0,0,0,2,0,0.6,0.6,0.2,0.8,4,40,22,0.0,0.0,0.0,0.0,0.0,0.07,0.02,0.09,0.07,0.09,27.0
310,Saša Lukić,rs SRB,MF,Fulham,1996.0,28,26,2169,24.1,0,2,2,0,0,0,12,0,1.2,1.2,2.6,3.8,37,92,29,0.0,0.08,0.08,0.0,0.08,0.05,0.11,0.16,0.05,0.16,28.0
311,Joe Lumley,eng ENG,GK,Southampton,1995.0,3,3,270,3.0,0,0,0,0,0,0,0,0,0.0,0.0,0.0,0.0,0,0,0,0.0,0.0,0.0,0.0,0.0,0.0,0.0,0.0,0.0,0.0,30.0
312,Massimo Luongo,au AUS,MF,Ipswich Town,1992.0,9,2,196,2.2,0,0,0,0,0,0,0,0,0.0,0.0,0.0,0.0,0,5,1,0.0,0.0,0.0,0.0,0.0,0.0,0.0,0.0,0.0,0.0,32.0
313,Ian Maatsen,nl NED,DF,Aston Villa,2002.0,27,8,959,10.7,1,2,3,1,0,0,2,0,0.8,0.8,2.7,3.5,27,40,91,0.09,0.19,0.28,0.09,0.28,0.07,0.25,0.33,0.07,0.33,23.0
314,Alexis Mac Allister,ar ARG,MF,Liverpool,1998.0,35,30,2599,28.9,5,5,10,5,0,0,6,0,2.8,2.8,4.7,7.5,36,177,80,0.17,0.17,0.35,0.17,0.35,0.1,0.16,0.26,0.1,0.26,26.0
315,James Maddison,eng ENG,MF,Tottenham,1996.0,31,21,1809,20.1,9,7,16,9,0,0,6,0,5.8,5.8,4.2,10.0,45,164,95,0.45,0.35,0.8,0.45,0.8,0.29,0.21,0.5,0.29,0.5,28.0
316,Noni Madueke,eng ENG,FW,Chelsea,2002.0,30,25,1858,20.6,7,3,10,7,0,0,3,0,9.1,9.1,4.2,13.3,144,66,214,0.34,0.15,0.48,0.34,0.48,0.44,0.2,0.64,0.44,0.64,23.0
317,Gabriel Magalhães,br BRA,DF,Arsenal,1997.0,28,28,2363,26.3,3,1,4,3,0,0,4,0,2.6,2.6,0.9,3.5,10,126,11,0.11,0.04,0.15,0.11,0.15,0.1,0.03,0.13,0.1,0.13,27.0
318,Edmond-Paris Maghoma,eng ENG,"MF,FW",Brentford,2001.0,8,0,119,1.3,0,0,0,0,0,0,0,0,0.1,0.1,0.1,0.2,4,13,4,0.0,0.0,0.0,0.0,0.0,0.09,0.08,0.17,0.09,0.17,24.0
319,Harry Maguire,eng ENG,DF,Manchester Utd,1993.0,25,17,1578,17.5,1,0,1,1,0,0,7,0,1.8,1.8,0.6,2.3,6,46,7,0.06,0.0,0.06,0.06,0.06,0.1,0.03,0.13,0.1,0.13,32.0
320,Kobbie Mainoo,eng ENG,MF,Manchester Utd,2005.0,23,19,1596,17.7,0,0,0,0,0,0,5,0,0.7,0.7,1.6,2.3,22,64,45,0.0,0.0,0.0,0.0,0.0,0.04,0.09,0.13,0.04,0.13,20.0
321,Tyrell Malacia,nl NED,DF,Manchester Utd,1999.0,3,2,100,1.1,0,0,0,0,0,0,1,0,0.0,0.0,0.0,0.0,3,3,6,0.0,0.0,0.0,0.0,0.0,0.0,0.03,0.03,0.0,0.03,25.0
322,Donyell Malen,nl NED,FW,Aston Villa,1999.0,12,2,293,3.3,3,0,3,3,0,0,0,0,2.2,2.2,0.1,2.2,11,5,25,0.92,0.0,0.92,0.92,0.92,0.66,0.02,0.68,0.66,0.68,26.0
323,Mateus Mane,,MF,Wolves,,1,0,2,0.0,0,0,0,0,0,0,0,0,0.0,0.0,0.0,0.0,0,0,0,0.0,0.0,0.0,0.0,0.0,0.0,0.0,0.0,0.0,0.0,
324,Orel Mangala,be BEL,MF,Everton,1998.0,19,14,1261,14.0,1,0,1,1,0,0,2,0,1.1,1.1,0.6,1.8,6,34,19,0.07,0.0,0.07,0.07,0.07,0.08,0.05,0.13,0.08,0.13,27.0
325,Ryan Manning,ie IRL,"DF,MF",Southampton,1996.0,24,18,1462,16.2,0,1,1,0,0,0,2,0,0.3,0.3,3.2,3.6,14,35,74,0.0,0.06,0.06,0.0,0.06,0.02,0.2,0.22,0.02,0.22,28.0
326,Solly March,eng ENG,"FW,MF",Brighton,1994.0,8,1,168,1.9,0,0,0,0,0,0,2,0,0.1,0.1,0.3,0.4,5,2,20,0.0,0.0,0.0,0.0,0.0,0.05,0.15,0.19,0.05,0.19,30.0
327,Omar Marmoush,eg EGY,"FW,MF",Manchester City,1999.0,14,12,1005,11.2,6,0,6,6,0,0,0,0,4.9,4.9,1.7,6.6,22,29,68,0.54,0.0,0.54,0.54,0.54,0.44,0.15,0.59,0.44,0.59,26.0
328,Gabriel Martinelli,br BRA,"FW,MF",Arsenal,2001.0,31,23,2131,23.7,8,4,12,8,0,0,1,0,6.4,6.4,4.7,11.1,116,49,276,0.34,0.17,0.51,0.34,0.51,0.27,0.2,0.47,0.27,0.47,23.0
329,Emiliano Martínez,ar ARG,GK,Aston Villa,1992.0,35,35,3060,34.0,0,0,0,0,0,0,5,0,0.0,0.0,0.5,0.5,0,4,0,0.0,0.0,0.0,0.0,0.0,0.0,0.02,0.02,0.0,0.02,32.0
330,Lisandro Martínez,ar ARG,DF,Manchester Utd,1998.0,20,20,1751,19.5,2,1,3,2,0,0,7,0,1.3,1.3,1.1,2.4,23,117,7,0.1,0.05,0.15,0.1,0.15,0.07,0.06,0.13,0.07,0.13,27.0
331,Pape Matar Sarr,sn SEN,MF,Tottenham,2002.0,34,20,1816,20.2,3,2,5,3,0,0,6,0,3.7,3.7,1.6,5.3,32,86,52,0.15,0.1,0.25,0.15,0.25,0.18,0.08,0.26,0.18,0.26,22.0
332,Jean-Philippe Mateta,fr FRA,FW,Crystal Palace,1997.0,35,32,2577,28.6,14,2,16,12,2,2,2,0,12.7,11.1,3.2,14.3,41,51,120,0.49,0.07,0.56,0.42,0.49,0.44,0.11,0.55,0.39,0.5,27.0
333,Stephy Mavididi,eng ENG,FW,Leicester City,1998.0,30,16,1615,17.9,4,1,5,4,0,0,2,0,1.8,1.8,2.6,4.4,91,57,138,0.22,0.06,0.28,0.22,0.28,0.1,0.15,0.25,0.1,0.25,26.0
334,Konstantinos Mavropanos,gr GRE,DF,West Ham,1997.0,32,20,1955,21.7,0,0,0,0,0,0,6,1,1.5,1.5,0.5,2.0,16,61,2,0.0,0.0,0.0,0.0,0.0,0.07,0.02,0.09,0.07,0.09,27.0
335,Noussair Mazraoui,ma MAR,DF,Manchester Utd,1997.0,35,32,2729,30.3,0,1,1,0,0,0,2,0,0.7,0.7,1.3,2.0,41,110,51,0.0,0.03,0.03,0.0,0.03,0.02,0.04,0.07,0.02,0.07,27.0
336,Bryan Mbeumo,cm CMR,FW,Brentford,1999.0,36,36,3234,35.9,18,7,25,13,5,5,3,0,11.0,7.1,8.1,15.2,120,133,331,0.5,0.19,0.7,0.36,0.56,0.31,0.23,0.53,0.2,0.42,25.0
337,James Mcatee,eng ENG,"MF,FW",Manchester City,2002.0,15,3,349,3.9,3,0,3,3,0,0,1,0,2.8,2.8,0.5,3.3,7,7,32,0.77,0.0,0.77,0.77,0.77,0.72,0.13,0.85,0.72,0.85,22.0
338,Kasey McAteer,ie IRL,"FW,MF",Leicester City,2001.0,16,7,688,7.6,0,1,1,0,0,0,2,0,0.9,0.9,0.7,1.6,16,11,59,0.0,0.13,0.13,0.0,0.13,0.11,0.09,0.21,0.11,0.21,23.0
339,Alex McCarthy,eng ENG,GK,Southampton,1989.0,5,5,450,5.0,0,0,0,0,0,0,0,0,0.0,0.0,0.0,0.0,0,0,0,0.0,0.0,0.0,0.0,0.0,0.0,0.0,0.0,0.0,0.0,35.0
340,John McGinn,sct SCO,"MF,FW",Aston Villa,1994.0,32,25,2073,23.0,1,4,5,1,0,0,7,0,2.9,2.6,3.4,6.0,31,99,73,0.04,0.17,0.22,0.04,0.22,0.13,0.15,0.28,0.11,0.26,30.0
341,Dwight McNeil,eng ENG,"MF,FW",Everton,1999.0,19,14,1292,14.4,4,5,9,4,0,0,1,0,1.1,1.1,3.9,5.0,37,64,76,0.28,0.35,0.63,0.28,0.63,0.08,0.27,0.35,0.08,0.35,25.0
342,Scott McTominay,sct SCO,MF,Manchester Utd,1996.0,2,0,19,0.2,0,0,0,0,0,0,0,0,0.1,0.1,0.0,0.1,0,1,2,0.0,0.0,0.0,0.0,0.0,0.33,0.0,0.33,0.33,0.33,28.0
343,Ben Mee,eng ENG,DF,Brentford,1989.0,7,2,183,2.0,0,0,0,0,0,0,2,0,0.0,0.0,0.0,0.0,3,11,2,0.0,0.0,0.0,0.0,0.0,0.0,0.0,0.0,0.0,0.0,35.0
344,Jayden Meghoma,eng ENG,DF,Brentford,2006.0,1,0,5,0.1,0,0,0,0,0,0,0,0,0.0,0.0,0.0,0.0,0,0,0,0.0,0.0,0.0,0.0,0.0,0.0,0.0,0.0,0.0,0.0,18.0
345,Mikel Merino,es ESP,"MF,FW",Arsenal,1996.0,27,16,1496,16.6,7,2,9,7,0,0,4,1,5.6,5.6,2.0,7.6,10,67,92,0.42,0.12,0.54,0.42,0.54,0.34,0.12,0.46,0.34,0.46,28.0
346,Shumaira Mheuka,eng ENG,MF,Chelsea,2007.0,1,0,1,0.0,0,0,0,0,0,0,0,0,0.1,0.1,0.0,0.1,0,0,0,0.0,0.0,0.0,0.0,0.0,5.06,0.0,5.06,5.06,5.06,17.0
347,Nikola Milenković,rs SRB,DF,Nott'ham Forest,1997.0,35,35,3150,35.0,4,2,6,4,0,0,4,0,3.6,3.6,1.0,4.6,3,49,6,0.11,0.06,0.17,0.11,0.17,0.1,0.03,0.13,0.1,0.13,27.0
348,Lewis Miley,eng ENG,MF,Newcastle Utd,2006.0,13,1,285,3.2,1,0,1,1,0,0,0,0,0.5,0.5,0.0,0.6,2,16,8,0.32,0.0,0.32,0.32,0.32,0.17,0.01,0.18,0.17,0.18,19.0
349,James Milner,eng ENG,MF,Brighton,1986.0,3,3,169,1.9,0,0,0,0,0,0,1,0,0.2,0.2,0.2,0.4,1,10,10,0.0,0.0,0.0,0.0,0.0,0.09,0.12,0.21,0.09,0.21,39.0
350,Tyrone Mings,eng ENG,DF,Aston Villa,1993.0,14,12,1120,12.4,0,0,0,0,0,0,1,0,0.8,0.8,0.2,1.0,7,40,1,0.0,0.0,0.0,0.0,0.0,0.07,0.02,0.08,0.07,0.08,32.0
351,Yankuba Minteh,gm GAM,"FW,MF",Brighton,2004.0,30,18,1666,18.5,6,4,10,6,0,0,6,0,4.0,4.0,4.9,8.9,77,42,174,0.32,0.22,0.54,0.32,0.54,0.21,0.26,0.48,0.21,0.48,20.0
352,Tyrick Mitchell,eng ENG,DF,Crystal Palace,1999.0,36,36,3002,33.4,0,4,4,0,0,0,2,0,1.3,1.3,5.8,7.2,56,66,169,0.0,0.12,0.12,0.0,0.12,0.04,0.18,0.21,0.04,0.21,25.0
353,Kaoru Mitoma,jp JPN,"FW,MF",Brighton,1997.0,34,28,2532,28.1,9,3,12,9,0,0,1,0,8.8,8.8,4.4,13.2,139,82,279,0.32,0.11,0.43,0.32,0.43,0.31,0.16,0.47,0.31,0.47,27.0
354,Jakub Moder,pl POL,MF,Brighton,1999.0,4,0,11,0.1,0,0,0,0,0,0,0,0,0.0,0.0,0.2,0.2,2,4,0,0.0,0.0,0.0,0.0,0.0,0.0,1.45,1.45,0.0,1.45,26.0
355,Jeremy Monga,,"FW,MF",Leicester City,,5,0,66,0.7,0,0,0,0,0,0,0,0,0.1,0.1,0.0,0.1,4,2,5,0.0,0.0,0.0,0.0,0.0,0.19,0.0,0.19,0.19,0.19,
356,Mikey Moore,eng ENG,FW,Tottenham,2007.0,9,2,280,3.1,0,1,1,0,0,0,0,0,0.2,0.2,0.3,0.5,11,8,37,0.0,0.32,0.32,0.0,0.32,0.06,0.11,0.17,0.06,0.17,17.0
357,Morato,br BRA,DF,Nott'ham Forest,2001.0,25,6,899,10.0,0,0,0,0,0,0,4,0,0.2,0.2,0.0,0.2,1,18,1,0.0,0.0,0.0,0.0,0.0,0.02,0.0,0.02,0.02,0.02,23.0
358,Álex Moreno,es ESP,"DF,MF",Nott'ham Forest,1993.0,15,11,955,10.6,0,1,1,0,0,0,2,0,0.2,0.2,1.3,1.4,26,34,34,0.0,0.09,0.09,0.0,0.09,0.02,0.12,0.13,0.02,0.13,31.0
359,Sam Morsy,eg EGY,MF,Ipswich Town,1991.0,31,29,2576,28.6,1,1,2,1,0,0,10,0,0.4,0.4,0.9,1.3,18,107,9,0.03,0.03,0.07,0.03,0.07,0.01,0.03,0.04,0.01,0.04,33.0
360,Yerson Mosquera,co COL,DF,Wolves,2001.0,5,5,441,4.9,0,0,0,0,0,0,2,0,0.3,0.3,0.1,0.4,0,7,0,0.0,0.0,0.0,0.0,0.0,0.07,0.02,0.09,0.07,0.09,24.0
361,Mason Mount,eng ENG,MF,Manchester Utd,1999.0,15,6,488,5.4,1,0,1,1,0,0,3,0,2.3,2.3,0.5,2.8,12,25,28,0.18,0.0,0.18,0.18,0.18,0.43,0.09,0.52,0.43,0.52,26.0
362,Divin Mubama,eng ENG,FW,Manchester City,2004.0,1,0,28,0.3,0,0,0,0,0,0,0,0,0.0,0.0,0.0,0.0,0,1,0,0.0,0.0,0.0,0.0,0.0,0.12,0.0,0.12,0.12,0.12,20.0
363,Mykhailo Mudryk,ua UKR,FW,Chelsea,2001.0,7,1,151,1.7,0,0,0,0,0,0,0,0,0.3,0.3,1.0,1.2,7,5,12,0.0,0.0,0.0,0.0,0.0,0.15,0.58,0.73,0.15,0.73,24.0
364,Marshall Munetsi,zw ZIM,"MF,FW",Wolves,1996.0,12,11,968,10.8,1,1,2,1,0,0,0,0,3.2,3.2,1.6,4.7,7,8,28,0.09,0.09,0.19,0.09,0.19,0.29,0.14,0.44,0.29,0.44,28.0
365,Rodrigo Muniz,br BRA,FW,Fulham,2001.0,31,8,964,10.7,8,1,9,8,0,0,1,0,5.8,5.8,0.7,6.5,6,27,31,0.75,0.09,0.84,0.75,0.84,0.54,0.07,0.61,0.54,0.61,24.0
366,Daniel Muñoz,co COL,DF,Crystal Palace,1996.0,35,35,3048,33.9,4,5,9,4,0,0,10,0,4.9,4.9,5.4,10.3,57,93,199,0.12,0.15,0.27,0.12,0.27,0.14,0.16,0.3,0.14,0.3,28.0
367,Arijanet Muric,xk KVX,GK,Ipswich Town,1998.0,18,18,1620,18.0,0,0,0,0,0,0,1,0,0.0,0.0,0.0,0.0,0,1,0,0.0,0.0,0.0,0.0,0.0,0.0,0.0,0.0,0.0,0.0,26.0
368,Murillo,br BRA,DF,Nott'ham Forest,2002.0,34,34,3008,33.4,2,0,2,2,0,0,5,0,1.4,1.4,1.1,2.5,20,103,5,0.06,0.0,0.06,0.06,0.06,0.04,0.03,0.07,0.04,0.07,22.0
369,Jacob Murphy,eng ENG,FW,Newcastle Utd,1995.0,33,29,2229,24.8,8,12,20,8,0,0,4,0,5.7,5.7,8.8,14.6,73,77,225,0.32,0.48,0.81,0.32,0.81,0.23,0.36,0.59,0.23,0.59,30.0
370,Vitaliy Mykolenko,ua UKR,DF,Everton,1999.0,33,33,2902,32.2,1,1,2,1,0,0,3,0,0.5,0.5,1.6,2.1,31,107,92,0.03,0.03,0.06,0.03,0.06,0.01,0.05,0.07,0.01,0.07,25.0
371,Iliman Ndiaye,sn SEN,FW,Everton,2000.0,31,27,2282,25.4,7,0,7,5,2,2,3,0,5.2,3.6,1.6,5.2,81,52,115,0.28,0.0,0.28,0.2,0.2,0.21,0.06,0.27,0.14,0.21,25.0
372,Wilfred Ndidi,ng NGA,MF,Leicester City,1996.0,27,27,2237,24.9,0,4,4,0,0,0,8,0,2.0,2.0,1.9,3.9,18,67,75,0.0,0.16,0.16,0.0,0.16,0.08,0.08,0.16,0.08,0.16,28.0
373,Kosta Nedeljković,rs SRB,DF,Aston Villa,2005.0,5,0,126,1.4,0,0,0,0,0,0,0,0,0.0,0.0,0.0,0.0,1,6,0,0.0,0.0,0.0,0.0,0.0,0.0,0.0,0.0,0.0,0.0,19.0
374,Reiss Nelson,eng ENG,FW,Arsenal,1999.0,1,0,3,0.0,0,0,0,0,0,0,0,0,0.0,0.0,0.0,0.0,0,0,0,0.0,0.0,0.0,0.0,0.0,0.0,0.0,0.0,0.0,0.0,25.0
375,Reiss Nelson,eng ENG,FW,Fulham,1999.0,11,5,487,5.4,1,1,2,1,0,0,1,0,1.1,1.1,1.0,2.1,45,35,63,0.18,0.18,0.37,0.18,0.37,0.2,0.18,0.39,0.2,0.39,25.0
376,Neto,br BRA,GK,Bournemouth,1989.0,2,2,180,2.0,0,0,0,0,0,0,0,0,0.0,0.0,0.0,0.0,0,0,0,0.0,0.0,0.0,0.0,0.0,0.0,0.0,0.0,0.0,0.0,35.0
377,Pedro Neto,pt POR,FW,Chelsea,2000.0,33,22,2103,23.4,4,5,9,4,0,0,8,0,3.1,3.1,6.1,9.2,119,59,241,0.17,0.21,0.39,0.17,0.39,0.13,0.26,0.4,0.13,0.4,25.0
378,Eddie Nketiah,eng ENG,"FW,MF",Crystal Palace,1999.0,27,8,925,10.3,1,1,2,1,0,0,6,1,4.8,4.8,1.6,6.4,39,17,72,0.1,0.1,0.19,0.1,0.19,0.47,0.16,0.62,0.47,0.62,25.0
379,Christopher Nkunku,fr FRA,FW,Chelsea,1997.0,27,9,921,10.2,3,2,5,3,0,0,2,0,4.8,4.8,2.1,6.9,17,25,68,0.29,0.2,0.49,0.29,0.49,0.47,0.21,0.68,0.47,0.67,27.0
380,Gustavo Nunes,br BRA,"FW,MF",Brentford,2005.0,3,0,12,0.1,0,0,0,0,0,0,0,0,0.0,0.0,0.0,0.0,1,0,0,0.0,0.0,0.0,0.0,0.0,0.0,0.0,0.0,0.0,0.0,19.0
381,Matheus Nunes,pt POR,"DF,MF",Manchester City,1998.0,24,17,1494,16.6,1,5,6,1,0,0,4,0,0.9,0.9,4.2,5.1,59,69,156,0.06,0.3,0.36,0.06,0.36,0.05,0.25,0.31,0.05,0.31,26.0
382,Darwin Núñez,uy URU,FW,Liverpool,1999.0,28,8,1075,11.9,5,2,7,5,0,0,8,0,5.3,5.3,1.3,6.6,23,27,73,0.42,0.17,0.59,0.42,0.59,0.44,0.11,0.55,0.44,0.55,25.0
383,Ethan Nwaneri,eng ENG,"FW,MF",Arsenal,2007.0,25,10,821,9.1,4,2,6,4,0,0,1,0,1.1,1.1,1.0,2.2,44,30,102,0.44,0.22,0.66,0.44,0.66,0.12,0.11,0.24,0.12,0.24,18.0
384,Christian Nørgaard,dk DEN,MF,Brentford,1994.0,32,32,2639,29.3,5,3,8,5,0,0,7,1,3.9,3.9,1.0,5.0,14,142,39,0.17,0.1,0.27,0.17,0.27,0.13,0.03,0.17,0.13,0.17,31.0
385,Jake O'Brien,ie IRL,DF,Everton,2001.0,18,15,1391,15.5,2,0,2,2,0,0,5,0,0.7,0.7,0.6,1.3,7,43,24,0.13,0.0,0.13,0.13,0.13,0.05,0.04,0.08,0.05,0.08,24.0
386,Matt O'Riley,dk DEN,MF,Brighton,2000.0,19,11,905,10.1,1,1,2,1,0,0,1,0,2.0,2.0,1.7,3.7,20,36,49,0.1,0.1,0.2,0.1,0.2,0.2,0.17,0.37,0.2,0.37,24.0
387,Dara O'Shea,ie IRL,DF,Ipswich Town,1999.0,33,33,2942,32.7,0,2,2,0,0,0,6,0,1.2,1.2,0.5,1.7,3,73,8,0.0,0.06,0.06,0.0,0.06,0.04,0.02,0.05,0.04,0.05,26.0
388,Chidozie Obi-Martin,dk DEN,FW,Manchester Utd,2007.0,6,1,155,1.7,0,0,0,0,0,0,1,0,0.6,0.6,0.0,0.6,2,1,12,0.0,0.0,0.0,0.0,0.0,0.35,0.0,0.35,0.35,0.35,17.0
389,Wilson Odobert,fr FRA,FW,Tottenham,2004.0,14,8,719,8.0,1,0,1,1,0,0,0,0,1.2,1.2,0.9,2.1,43,23,65,0.13,0.0,0.13,0.13,0.13,0.15,0.11,0.27,0.15,0.27,20.0
390,Chiedozie Ogbene,ie IRL,FW,Ipswich Town,1997.0,5,3,238,2.6,0,0,0,0,0,0,0,0,0.0,0.0,0.1,0.1,7,0,15,0.0,0.0,0.0,0.0,0.0,0.0,0.03,0.03,0.0,0.03,28.0
391,Caleb Okoli,it ITA,DF,Leicester City,2001.0,19,12,1125,12.5,1,0,1,1,0,0,4,0,0.6,0.6,0.0,0.6,3,32,2,0.08,0.0,0.08,0.08,0.08,0.05,0.0,0.05,0.05,0.05,23.0
392,Robin Olsen,se SWE,GK,Aston Villa,1990.0,3,1,180,2.0,0,0,0,0,0,0,0,0,0.0,0.0,0.0,0.0,0,0,0,0.0,0.0,0.0,0.0,0.0,0.0,0.0,0.0,0.0,0.0,35.0
393,Amadou Onana,be BEL,MF,Aston Villa,2001.0,24,18,1468,16.3,3,0,3,3,0,0,4,0,2.1,2.1,0.3,2.4,24,63,15,0.18,0.0,0.18,0.18,0.18,0.13,0.02,0.15,0.13,0.15,23.0
394,André Onana,cm CMR,GK,Manchester Utd,1996.0,33,33,2970,33.0,0,0,0,0,0,0,0,0,0.0,0.0,0.2,0.2,0,1,0,0.0,0.0,0.0,0.0,0.0,0.0,0.01,0.01,0.0,0.01,29.0
395,Paul Onuachu,ng NGA,FW,Southampton,1994.0,24,11,1029,11.4,4,1,5,4,0,0,4,0,3.6,3.6,0.5,4.1,7,13,40,0.35,0.09,0.44,0.35,0.44,0.32,0.04,0.36,0.32,0.36,30.0
396,Frank Onyeka,ng NGA,MF,Brentford,1998.0,2,0,25,0.3,0,0,0,0,0,0,0,0,0.0,0.0,0.0,0.0,0,1,0,0.0,0.0,0.0,0.0,0.0,0.0,0.0,0.0,0.0,0.0,27.0
397,Lewis Orford,eng ENG,MF,West Ham,2006.0,2,0,49,0.5,0,0,0,0,0,0,0,0,0.0,0.0,0.0,0.0,0,0,1,0.0,0.0,0.0,0.0,0.0,0.05,0.04,0.09,0.05,0.09,19.0
398,Stefan Ortega,de GER,GK,Manchester City,1992.0,13,12,1100,12.2,0,0,0,0,0,0,1,0,0.0,0.0,0.0,0.0,0,0,0,0.0,0.0,0.0,0.0,0.0,0.0,0.0,0.0,0.0,0.0,32.0
399,William Osula,dk DEN,FW,Newcastle Utd,2003.0,12,0,104,1.2,1,0,1,1,0,0,0,0,0.1,0.1,0.1,0.2,2,2,12,0.87,0.0,0.87,0.87,0.87,0.1,0.08,0.18,0.1,0.18,21.0
400,Dango Ouattara,bf BFA,FW,Bournemouth,2002.0,32,21,2005,22.3,7,4,11,7,0,0,3,0,8.4,8.4,5.5,13.8,79,43,191,0.31,0.18,0.49,0.31,0.49,0.38,0.25,0.62,0.38,0.62,23.0
401,Nico O’Reilly,eng ENG,DF,Manchester City,2005.0,9,6,528,5.9,2,0,2,2,0,0,0,0,1.3,1.3,0.4,1.6,16,17,26,0.34,0.0,0.34,0.34,0.34,0.22,0.06,0.28,0.22,0.28,20.0
402,Alex Palmer,eng ENG,GK,Ipswich Town,1996.0,12,12,1080,12.0,0,0,0,0,0,0,2,0,0.0,0.0,0.0,0.0,0,1,0,0.0,0.0,0.0,0.0,0.0,0.0,0.0,0.0,0.0,0.0,28.0
403,Cole Palmer,eng ENG,MF,Chelsea,2002.0,35,34,3011,33.5,15,8,23,11,4,5,6,0,17.2,13.2,10.0,23.3,111,203,175,0.45,0.24,0.69,0.33,0.57,0.51,0.3,0.81,0.4,0.7,23.0
404,Emerson Palmieri,it ITA,DF,West Ham,1994.0,31,26,2113,23.5,2,1,3,2,0,0,5,0,2.0,2.0,1.5,3.4,47,66,83,0.09,0.04,0.13,0.09,0.13,0.08,0.06,0.15,0.08,0.15,30.0
405,Lucas Paquetá,br BRA,"MF,FW",West Ham,1997.0,31,27,2336,26.0,4,0,4,2,2,2,9,0,5.2,3.6,3.1,6.7,22,145,82,0.15,0.0,0.15,0.08,0.08,0.2,0.12,0.32,0.14,0.26,27.0
406,Thomas Partey,gh GHA,"MF,DF",Arsenal,1993.0,33,29,2617,29.1,4,2,6,4,0,0,4,0,2.0,2.0,2.0,4.0,33,173,48,0.14,0.07,0.21,0.14,0.21,0.07,0.07,0.14,0.07,0.14,31.0
407,Nathan Patterson,sct SCO,DF,Everton,2001.0,10,3,347,3.9,0,1,1,0,0,0,1,0,0.1,0.1,0.4,0.5,6,13,18,0.0,0.26,0.26,0.0,0.26,0.02,0.11,0.13,0.02,0.13,23.0
408,Andreas Pereira,br BRA,MF,Fulham,1996.0,32,24,1953,21.7,2,4,6,2,0,1,7,0,3.5,2.7,4.5,7.2,29,103,80,0.09,0.18,0.28,0.09,0.28,0.16,0.21,0.37,0.13,0.33,29.0
409,Ricardo Pereira,pt POR,DF,Leicester City,1993.0,8,4,342,3.8,0,0,0,0,0,0,1,0,0.1,0.1,0.0,0.1,3,14,5,0.0,0.0,0.0,0.0,0.0,0.02,0.0,0.02,0.02,0.02,31.0
410,Kalvin Phillips,eng ENG,MF,Ipswich Town,1995.0,19,14,1237,13.7,0,0,0,0,0,0,6,1,0.4,0.4,0.2,0.7,4,51,4,0.0,0.0,0.0,0.0,0.0,0.03,0.02,0.05,0.03,0.05,29.0
411,Jaden Philogene Bidace,eng ENG,"FW,MF",Aston Villa,2002.0,11,2,332,3.7,0,0,0,0,0,0,4,1,0.5,0.5,0.3,0.8,7,4,17,0.0,0.0,0.0,0.0,0.0,0.13,0.08,0.2,0.13,0.2,23.0
412,Jaden Philogene Bidace,eng ENG,"FW,DF",Ipswich Town,2002.0,10,5,474,5.3,2,0,2,2,0,0,1,0,2.0,2.0,0.2,2.2,13,10,36,0.38,0.0,0.38,0.38,0.38,0.37,0.05,0.42,0.37,0.42,23.0
413,Jordan Pickford,eng ENG,GK,Everton,1994.0,36,36,3240,36.0,0,1,1,0,0,0,7,0,0.0,0.0,0.4,0.4,0,0,0,0.0,0.03,0.03,0.0,0.03,0.0,0.01,0.01,0.0,0.01,31.0
414,Ethan Pinnock,jm JAM,DF,Brentford,1993.0,22,21,1913,21.3,2,0,2,2,0,0,2,0,1.1,1.1,1.2,2.3,3,41,9,0.09,0.0,0.09,0.09,0.09,0.05,0.05,0.11,0.05,0.11,31.0
415,Daniel Podence,pt POR,"MF,FW",Wolves,1995.0,2,0,48,0.5,0,0,0,0,0,0,0,0,0.0,0.0,0.0,0.0,1,2,3,0.0,0.0,0.0,0.0,0.0,0.07,0.0,0.07,0.07,0.07,29.0
416,Alfie Pond,eng ENG,DF,Wolves,2004.0,1,0,1,0.0,0,0,0,0,0,0,0,0,0.0,0.0,0.0,0.0,0,0,0,0.0,0.0,0.0,0.0,0.0,0.0,0.0,0.0,0.0,0.0,21.0
417,Nick Pope,eng ENG,GK,Newcastle Utd,1992.0,26,26,2340,26.0,0,0,0,0,0,0,2,0,0.0,0.0,0.0,0.0,0,1,0,0.0,0.0,0.0,0.0,0.0,0.0,0.0,0.0,0.0,0.0,33.0
418,Pedro Porro,es ESP,DF,Tottenham,1999.0,32,27,2520,28.0,2,6,8,2,0,0,4,0,1.6,1.6,4.4,6.0,64,152,107,0.07,0.21,0.29,0.07,0.29,0.06,0.16,0.21,0.06,0.21,25.0
419,Jarell Quansah,eng ENG,DF,Liverpool,2003.0,12,3,405,4.5,0,0,0,0,0,0,2,0,0.1,0.1,0.1,0.2,2,16,4,0.0,0.0,0.0,0.0,0.0,0.02,0.02,0.04,0.02,0.04,22.0
420,Hákon Rafn Valdimarsson,is ISL,GK,Brentford,2001.0,2,1,145,1.6,0,0,0,0,0,0,0,0,0.0,0.0,0.0,0.0,0,0,0,0.0,0.0,0.0,0.0,0.0,0.0,0.0,0.0,0.0,0.0,23.0
421,Aaron Ramsdale,eng ENG,GK,Southampton,1998.0,28,28,2520,28.0,0,0,0,0,0,0,2,0,0.0,0.0,0.0,0.0,0,0,0,0.0,0.0,0.0,0.0,0.0,0.0,0.0,0.0,0.0,0.0,27.0
422,Jacob Ramsey,eng ENG,"FW,MF",Aston Villa,2001.0,28,19,1595,17.7,1,3,4,1,0,0,4,1,1.6,1.6,2.3,3.9,60,68,110,0.06,0.17,0.23,0.06,0.23,0.09,0.13,0.22,0.09,0.22,23.0
423,Marcus Rashford,eng ENG,"FW,MF",Manchester Utd,1997.0,15,12,978,10.9,4,1,5,4,0,0,2,0,1.7,1.7,2.1,3.8,20,21,79,0.37,0.09,0.46,0.37,0.46,0.16,0.19,0.35,0.16,0.35,27.0
424,Marcus Rashford,eng ENG,FW,Aston Villa,1997.0,10,4,444,4.9,2,2,4,1,1,1,0,0,3.1,2.3,2.3,4.5,22,13,42,0.41,0.41,0.81,0.2,0.61,0.62,0.46,1.08,0.46,0.92,27.0
425,David Raya,es ESP,GK,Arsenal,1995.0,36,36,3240,36.0,0,0,0,0,0,0,2,0,0.0,0.0,0.0,0.0,0,13,0,0.0,0.0,0.0,0.0,0.0,0.0,0.0,0.0,0.0,0.0,29.0
426,Harrison Reed,eng ENG,MF,Fulham,1995.0,12,0,108,1.2,0,0,0,0,0,0,2,0,0.2,0.2,0.1,0.3,1,4,7,0.0,0.0,0.0,0.0,0.0,0.21,0.07,0.27,0.21,0.27,30.0
427,Remy Rees-Dottin,eng ENG,FW,Bournemouth,2006.0,1,0,1,0.0,0,0,0,0,0,0,0,0,0.0,0.0,0.0,0.0,0,0,0,0.0,0.0,0.0,0.0,0.0,0.0,0.0,0.0,0.0,0.0,19.0
428,Sergio Reguilón,es ESP,DF,Tottenham,1996.0,3,0,123,1.4,0,0,0,0,0,0,2,0,0.1,0.1,0.0,0.1,4,12,10,0.0,0.0,0.0,0.0,0.0,0.05,0.02,0.07,0.05,0.07,28.0
429,Vitor Reis,br BRA,DF,Manchester City,2006.0,1,0,1,0.0,0,0,0,0,0,0,0,0,0.0,0.0,0.0,0.0,0,0,0,0.0,0.0,0.0,0.0,0.0,0.0,0.0,0.0,0.0,0.0,19.0
430,Chadi Riad,ma MAR,DF,Crystal Palace,2003.0,1,1,90,1.0,0,0,0,0,0,0,0,0,0.0,0.0,0.0,0.0,2,7,0,0.0,0.0,0.0,0.0,0.0,0.0,0.0,0.0,0.0,0.0,21.0
431,Declan Rice,eng ENG,MF,Arsenal,1999.0,33,31,2645,29.4,3,7,10,3,0,0,7,1,3.3,3.3,6.5,9.7,88,180,92,0.1,0.24,0.34,0.1,0.34,0.11,0.22,0.33,0.11,0.33,26.0
432,Chris Richards,us USA,DF,Crystal Palace,2000.0,22,20,1742,19.4,1,0,1,1,0,0,4,1,1.3,1.3,0.1,1.4,6,37,2,0.05,0.0,0.05,0.05,0.05,0.07,0.01,0.07,0.07,0.07,25.0
433,Richarlison,br BRA,FW,Tottenham,1997.0,13,4,475,5.3,4,1,5,4,0,0,2,0,3.7,3.7,0.9,4.6,8,11,22,0.76,0.19,0.95,0.76,0.95,0.7,0.17,0.87,0.7,0.87,28.0
434,Andrew Robertson,sct SCO,DF,Liverpool,1994.0,32,28,2398,26.6,0,1,1,0,0,0,3,1,1.2,1.2,4.6,5.8,62,167,97,0.0,0.04,0.04,0.0,0.04,0.04,0.17,0.22,0.04,0.22,31.0
435,Antonee Robinson,us USA,DF,Fulham,1997.0,34,33,2989,33.2,0,10,10,0,0,0,8,0,0.7,0.7,4.1,4.8,114,123,265,0.0,0.3,0.3,0.0,0.3,0.02,0.12,0.15,0.02,0.15,27.0
436,Jay Robinson,eng ENG,"MF,FW",Southampton,2007.0,2,0,36,0.4,0,0,0,0,0,0,0,0,0.0,0.0,0.0,0.0,1,0,2,0.0,0.0,0.0,0.0,0.0,0.0,0.1,0.1,0.0,0.1,18.0
437,Rodri,es ESP,MF,Manchester City,1996.0,2,1,65,0.7,0,0,0,0,0,0,0,0,0.0,0.0,0.0,0.0,0,4,1,0.0,0.0,0.0,0.0,0.0,0.0,0.06,0.06,0.0,0.06,28.0
438,Guido Rodríguez,ar ARG,MF,West Ham,1994.0,21,15,1081,12.0,0,0,0,0,0,0,5,0,0.2,0.2,0.1,0.3,3,31,5,0.0,0.0,0.0,0.0,0.0,0.02,0.01,0.03,0.02,0.03,31.0
439,Mads Roerslev,dk DEN,DF,Brentford,1999.0,19,11,1101,12.2,0,2,2,0,0,0,2,0,0.2,0.2,3.0,3.2,17,51,54,0.0,0.16,0.16,0.0,0.16,0.02,0.24,0.26,0.02,0.26,25.0
440,Morgan Rogers,eng ENG,"FW,MF",Aston Villa,2002.0,35,35,2941,32.7,8,9,17,8,0,0,9,0,6.2,6.2,7.7,13.9,108,117,178,0.24,0.28,0.52,0.24,0.52,0.19,0.24,0.43,0.19,0.43,22.0
441,Cristian Romero,ar ARG,DF,Tottenham,1998.0,18,18,1416,15.7,1,0,1,1,0,0,3,0,1.6,1.6,0.6,2.2,12,71,3,0.06,0.0,0.06,0.06,0.06,0.1,0.04,0.14,0.1,0.14,27.0
442,Georginio Rutter,fr FRA,"MF,FW",Brighton,2002.0,28,19,1656,18.4,5,3,8,5,0,0,2,0,4.6,4.6,2.5,7.1,42,67,79,0.27,0.16,0.43,0.27,0.43,0.25,0.14,0.39,0.25,0.39,23.0
443,José Sá,pt POR,GK,Wolves,1993.0,28,28,2520,28.0,0,0,0,0,0,0,2,0,0.0,0.0,0.1,0.1,0,2,0,0.0,0.0,0.0,0.0,0.0,0.0,0.01,0.01,0.0,0.01,32.0
444,Bukayo Saka,eng ENG,"FW,MF",Arsenal,2001.0,23,19,1626,18.1,6,10,16,5,1,1,3,0,6.7,5.9,7.0,12.9,89,66,241,0.33,0.55,0.89,0.28,0.83,0.37,0.39,0.76,0.33,0.71,23.0
445,Mohamed Salah,eg EGY,FW,Liverpool,1992.0,36,36,3191,35.5,28,18,46,19,9,9,1,0,24.0,17.0,13.5,30.5,148,137,455,0.79,0.51,1.3,0.54,1.04,0.68,0.38,1.06,0.48,0.86,32.0
446,William Saliba,fr FRA,DF,Arsenal,2001.0,34,34,2994,33.3,2,0,2,2,0,0,2,1,2.3,2.3,0.9,3.1,16,138,6,0.06,0.0,0.06,0.06,0.06,0.07,0.03,0.09,0.07,0.09,24.0
447,Robert Sánchez,es ESP,GK,Chelsea,1997.0,30,30,2700,30.0,0,0,0,0,0,0,5,0,0.0,0.0,0.1,0.1,0,1,0,0.0,0.0,0.0,0.0,0.0,0.0,0.0,0.0,0.0,0.0,27.0
448,Jadon Sancho,eng ENG,FW,Chelsea,2000.0,30,18,1703,18.9,3,4,7,3,0,0,2,0,2.2,2.2,3.7,5.8,100,88,221,0.16,0.21,0.37,0.16,0.37,0.11,0.19,0.31,0.11,0.31,25.0
449,Ibrahim Sangaré,ci CIV,MF,Nott'ham Forest,1997.0,11,5,452,5.0,0,1,1,0,0,0,3,0,0.0,0.0,0.4,0.4,1,21,3,0.0,0.2,0.2,0.0,0.2,0.0,0.08,0.08,0.0,0.08,27.0
450,Pablo Sarabia,es ESP,"MF,FW",Wolves,1992.0,22,6,748,8.3,3,2,5,3,0,0,3,0,2.9,2.9,1.6,4.5,12,57,54,0.36,0.24,0.6,0.36,0.6,0.35,0.19,0.54,0.35,0.54,33.0
451,Jeremy Sarmiento,ec ECU,MF,Brighton,2002.0,1,0,9,0.1,0,0,0,0,0,0,0,0,0.0,0.0,0.0,0.0,0,0,2,0.0,0.0,0.0,0.0,0.0,0.0,0.0,0.0,0.0,0.0,22.0
452,Ismaila Sarr,sn SEN,MF,Crystal Palace,1998.0,36,28,2559,28.4,7,5,12,7,0,0,4,0,9.8,9.8,7.8,17.6,71,81,175,0.25,0.18,0.42,0.25,0.42,0.34,0.27,0.62,0.34,0.62,27.0
453,Sávio,br BRA,"FW,MF",Manchester City,2004.0,28,21,1749,19.4,1,8,9,1,0,0,3,0,5.0,5.0,6.9,11.9,135,66,244,0.05,0.41,0.46,0.05,0.46,0.26,0.35,0.61,0.26,0.61,21.0
454,Oliver Scarles,eng ENG,DF,West Ham,2005.0,14,6,594,6.6,0,0,0,0,0,0,1,0,0.1,0.1,0.0,0.1,11,21,39,0.0,0.0,0.0,0.0,0.0,0.02,0.0,0.02,0.02,0.02,19.0
455,Dane Scarlett,eng ENG,"FW,MF",Tottenham,2004.0,3,0,34,0.4,0,1,1,0,0,0,0,0,0.0,0.0,0.0,0.1,1,1,1,0.0,2.65,2.65,0.0,2.65,0.09,0.12,0.22,0.09,0.22,21.0
456,Kevin Schade,de GER,FW,Brentford,2001.0,36,24,2140,23.8,11,2,13,11,0,0,3,0,8.0,8.0,3.6,11.6,57,33,154,0.46,0.08,0.55,0.46,0.55,0.34,0.15,0.49,0.34,0.49,23.0
457,Fabian Schär,ch SUI,DF,Newcastle Utd,1991.0,32,31,2754,30.6,4,0,4,4,0,0,8,1,2.4,2.4,0.4,2.8,14,108,19,0.13,0.0,0.13,0.13,0.13,0.08,0.01,0.09,0.08,0.09,33.0
458,Jeffrey Schlupp,gh GHA,"MF,DF",Crystal Palace,1992.0,12,0,103,1.1,0,0,0,0,0,0,0,0,0.2,0.2,0.2,0.3,4,5,9,0.0,0.0,0.0,0.0,0.0,0.14,0.14,0.28,0.14,0.28,32.0
459,Alex Scott,eng ENG,MF,Bournemouth,2003.0,19,8,754,8.4,0,0,0,0,0,0,3,0,0.7,0.7,0.9,1.6,15,52,33,0.0,0.0,0.0,0.0,0.0,0.08,0.11,0.19,0.08,0.19,21.0
460,Matz Sels,be BEL,GK,Nott'ham Forest,1992.0,36,36,3240,36.0,0,0,0,0,0,0,4,0,0.0,0.0,0.0,0.0,0,1,0,0.0,0.0,0.0,0.0,0.0,0.0,0.0,0.0,0.0,0.0,33.0
461,Nélson Semedo,pt POR,DF,Wolves,1993.0,32,31,2751,30.6,0,4,4,0,0,0,7,0,0.8,0.8,2.8,3.6,63,74,113,0.0,0.13,0.13,0.0,0.13,0.03,0.09,0.12,0.03,0.12,31.0
462,Antoine Semenyo,gh GHA,FW,Bournemouth,2000.0,35,34,3023,33.6,9,5,14,9,0,0,9,0,9.5,9.5,5.8,15.3,137,107,270,0.27,0.15,0.42,0.27,0.42,0.28,0.17,0.46,0.28,0.46,25.0
463,Marcos Senesi,ar ARG,DF,Bournemouth,1997.0,16,12,1029,11.4,0,0,0,0,0,0,5,0,0.8,0.8,0.2,1.1,12,54,6,0.0,0.0,0.0,0.0,0.0,0.07,0.02,0.09,0.07,0.09,28.0
464,Ryan Sessegnon,eng ENG,"FW,DF",Fulham,2000.0,14,7,552,6.1,4,2,6,4,0,0,1,0,1.6,1.6,1.0,2.6,15,20,56,0.65,0.33,0.98,0.65,0.98,0.27,0.16,0.42,0.27,0.42,24.0
465,Luke Shaw,eng ENG,DF,Manchester Utd,1995.0,6,3,269,3.0,0,0,0,0,0,0,1,0,0.0,0.0,0.7,0.7,7,23,7,0.0,0.0,0.0,0.0,0.0,0.01,0.24,0.25,0.01,0.25,29.0
466,Zain Silcott-Duberry,ms MSR,FW,Bournemouth,2005.0,1,0,1,0.0,0,0,0,0,0,0,0,0,0.0,0.0,0.0,0.0,0,0,0,0.0,0.0,0.0,0.0,0.0,0.0,0.0,0.0,0.0,0.0,19.0
467,Bernardo Silva,pt POR,"MF,FW",Manchester City,1994.0,31,27,2491,27.7,3,4,7,3,0,0,7,0,3.6,3.6,4.4,8.0,98,122,191,0.11,0.14,0.25,0.11,0.25,0.13,0.16,0.29,0.13,0.29,30.0
468,Jota Silva,pt POR,"FW,MF",Nott'ham Forest,1999.0,29,5,845,9.4,3,1,4,3,0,0,5,0,2.0,2.0,2.9,4.9,20,18,58,0.32,0.11,0.43,0.32,0.43,0.22,0.31,0.52,0.22,0.52,25.0
469,Eric da Silva Moreira,de GER,"MF,DF",Nott'ham Forest,2006.0,2,0,30,0.3,0,0,0,0,0,0,0,0,0.0,0.0,0.0,0.0,1,0,1,0.0,0.0,0.0,0.0,0.0,0.0,0.0,0.0,0.0,0.0,19.0
470,Jahmai Simpson-Pusey,eng ENG,DF,Manchester City,2005.0,2,1,96,1.1,0,0,0,0,0,0,1,0,0.0,0.0,0.0,0.0,1,3,0,0.0,0.0,0.0,0.0,0.0,0.0,0.0,0.0,0.0,0.0,19.0
471,Luis Sinisterra,co COL,"FW,MF",Bournemouth,1999.0,12,1,236,2.6,1,1,2,1,0,0,0,0,1.2,1.2,1.4,2.6,19,6,38,0.38,0.38,0.76,0.38,0.76,0.46,0.54,1.0,0.46,1.0,25.0
472,Oliver Skipp,eng ENG,MF,Leicester City,2000.0,22,9,1055,11.7,0,0,0,0,0,0,8,0,0.2,0.2,0.3,0.4,16,34,19,0.0,0.0,0.0,0.0,0.0,0.01,0.02,0.04,0.01,0.04,24.0
473,William Smallbone,ie IRL,MF,Southampton,2000.0,16,6,647,7.2,1,0,1,1,0,0,1,0,0.4,0.4,0.6,1.1,5,25,23,0.14,0.0,0.14,0.14,0.14,0.06,0.09,0.15,0.06,0.15,25.0
474,Adam Smith,eng ENG,DF,Bournemouth,1991.0,23,18,1478,16.4,0,0,0,0,0,0,7,0,0.7,0.7,0.3,1.0,12,43,32,0.0,0.0,0.0,0.0,0.0,0.04,0.02,0.06,0.04,0.06,34.0
475,Emile Smith Rowe,eng ENG,MF,Fulham,2000.0,32,24,1948,21.6,6,3,9,6,0,0,2,0,4.4,4.4,1.3,5.7,52,121,121,0.28,0.14,0.42,0.28,0.42,0.2,0.06,0.27,0.2,0.27,24.0
476,Dominic Solanke,eng ENG,FW,Tottenham,1997.0,25,24,2119,23.5,8,3,11,8,0,0,0,0,10.1,10.1,2.9,13.1,29,45,88,0.34,0.13,0.47,0.34,0.47,0.43,0.13,0.56,0.43,0.56,27.0
477,Carlos Soler,es ESP,"MF,FW",West Ham,1997.0,30,14,1376,15.3,1,1,2,1,0,0,5,0,1.7,1.7,1.2,2.9,16,52,34,0.07,0.07,0.13,0.07,0.13,0.11,0.08,0.19,0.11,0.19,28.0
478,Julio Soler,ar ARG,FW,Bournemouth,2005.0,1,0,2,0.0,0,0,0,0,0,0,0,0,0.0,0.0,0.0,0.0,0,0,0,0.0,0.0,0.0,0.0,0.0,0.0,0.0,0.0,0.0,0.0,20.0
479,Ramón Sosa,py PAR,"FW,MF",Nott'ham Forest,1999.0,19,1,295,3.3,1,0,1,1,0,0,1,0,1.0,1.0,0.5,1.5,12,6,17,0.31,0.0,0.31,0.31,0.31,0.31,0.15,0.45,0.31,0.45,25.0
480,Tomáš Souček,cz CZE,MF,West Ham,1995.0,33,28,2420,26.9,9,1,10,9,0,0,8,0,6.6,6.6,1.0,7.6,8,70,67,0.33,0.04,0.37,0.33,0.37,0.24,0.04,0.28,0.24,0.28,30.0
481,Boubakary Soumaré,fr FRA,MF,Leicester City,1999.0,29,23,1991,22.1,0,0,0,0,0,0,8,0,0.3,0.3,0.4,0.7,32,100,22,0.0,0.0,0.0,0.0,0.0,0.01,0.02,0.03,0.01,0.03,26.0
482,Djed Spence,eng ENG,DF,Tottenham,2000.0,23,18,1694,18.8,1,2,3,1,0,0,4,1,0.6,0.6,1.8,2.3,58,103,70,0.05,0.11,0.16,0.05,0.16,0.03,0.09,0.12,0.03,0.12,24.0
483,Jay Stansfield,eng ENG,MF,Fulham,2002.0,1,0,1,0.0,0,0,0,0,0,0,0,0,0.0,0.0,0.0,0.0,0,0,0,0.0,0.0,0.0,0.0,0.0,0.0,0.0,0.0,0.0,0.0,22.0
484,Jason Steele,eng ENG,GK,Brighton,1990.0,2,2,180,2.0,0,0,0,0,0,0,0,0,0.0,0.0,0.0,0.0,0,0,0,0.0,0.0,0.0,0.0,0.0,0.0,0.0,0.0,0.0,0.0,34.0
485,Jack Stephens,eng ENG,DF,Southampton,1994.0,18,16,1299,14.4,1,0,1,1,0,0,2,2,0.6,0.6,0.2,0.7,13,53,2,0.07,0.0,0.07,0.07,0.07,0.04,0.01,0.05,0.04,0.05,31.0
486,Raheem Sterling,eng ENG,"FW,MF",Arsenal,1994.0,16,6,437,4.9,0,2,2,0,0,0,1,0,1.3,1.3,0.5,1.8,25,17,73,0.0,0.41,0.41,0.0,0.41,0.27,0.1,0.37,0.27,0.37,30.0
487,Ross Stewart,sct SCO,FW,Southampton,1996.0,10,3,289,3.2,0,0,0,0,0,0,1,0,0.3,0.3,0.0,0.3,1,2,6,0.0,0.0,0.0,0.0,0.0,0.08,0.0,0.08,0.08,0.08,28.0
488,Jakub Stolarczyk,pl POL,GK,Leicester City,2000.0,8,8,720,8.0,0,0,0,0,0,0,1,0,0.0,0.0,0.0,0.0,0,1,0,0.0,0.0,0.0,0.0,0.0,0.0,0.0,0.0,0.0,0.0,24.0
489,John Stones,eng ENG,"DF,MF",Manchester City,1994.0,11,6,548,6.1,2,0,2,2,0,0,1,0,0.4,0.4,0.1,0.5,10,21,2,0.33,0.0,0.33,0.33,0.33,0.07,0.01,0.08,0.07,0.08,30.0
490,Jørgen Strand Larsen,no NOR,FW,Wolves,2000.0,33,29,2495,27.7,13,2,15,13,0,0,4,0,10.0,10.0,2.4,12.4,17,29,108,0.47,0.07,0.54,0.47,0.54,0.36,0.09,0.45,0.36,0.45,25.0
491,Yukinari Sugawara,jp JPN,"DF,MF",Southampton,2000.0,29,15,1467,16.3,1,1,2,1,0,0,4,0,0.5,0.5,2.2,2.7,32,68,76,0.06,0.06,0.12,0.06,0.12,0.03,0.14,0.17,0.03,0.17,24.0
492,Kamaldeen Sulemana,gh GHA,"FW,MF",Southampton,2002.0,24,15,1265,14.1,1,1,2,1,0,0,2,0,1.4,1.4,1.0,2.4,59,26,81,0.07,0.07,0.14,0.07,0.14,0.1,0.07,0.17,0.1,0.17,23.0
493,Crysencio Summerville,nl NED,"FW,MF",West Ham,2001.0,19,7,786,8.7,1,1,2,1,0,0,2,0,1.6,1.6,1.7,3.3,29,18,71,0.11,0.11,0.23,0.11,0.23,0.19,0.19,0.38,0.19,0.38,23.0
494,Sammie Szmodics,ie IRL,"FW,MF",Ipswich Town,1995.0,19,13,979,10.9,4,0,4,4,0,0,2,0,3.4,3.4,0.2,3.6,16,18,46,0.37,0.0,0.37,0.37,0.37,0.31,0.02,0.33,0.31,0.33,29.0
495,Dominik Szoboszlai,hu HUN,MF,Liverpool,2000.0,34,27,2369,26.3,5,6,11,5,0,0,6,0,7.2,7.2,7.2,14.4,68,121,122,0.19,0.23,0.42,0.19,0.42,0.27,0.27,0.55,0.27,0.55,24.0
496,Matt Targett,eng ENG,DF,Newcastle Utd,1995.0,2,0,21,0.2,0,0,0,0,0,0,0,0,0.0,0.0,0.0,0.0,0,0,1,0.0,0.0,0.0,0.0,0.0,0.0,0.0,0.0,0.0,0.0,29.0
497,James Tarkowski,eng ENG,DF,Everton,1992.0,33,33,2922,32.5,1,1,2,1,0,0,6,0,1.3,1.3,2.9,4.2,9,75,3,0.03,0.03,0.06,0.03,0.06,0.04,0.09,0.13,0.04,0.13,32.0
498,Marcus Tavernier,eng ENG,"FW,MF",Bournemouth,1999.0,27,18,1760,19.6,3,5,8,3,0,0,5,0,5.3,5.3,2.9,8.2,49,109,118,0.15,0.26,0.41,0.15,0.41,0.27,0.15,0.42,0.27,0.42,26.0
499,Charlie Taylor,eng ENG,DF,Southampton,1993.0,7,2,266,3.0,0,0,0,0,0,0,1,0,0.0,0.0,0.1,0.1,3,8,6,0.0,0.0,0.0,0.0,0.0,0.0,0.03,0.03,0.0,0.03,31.0
500,Jack Taylor,ie IRL,MF,Ipswich Town,1998.0,30,4,827,9.2,1,0,1,1,0,0,4,0,0.7,0.7,0.5,1.3,11,42,22,0.11,0.0,0.11,0.11,0.11,0.08,0.06,0.14,0.08,0.14,26.0
501,Mathys Tel,fr FRA,FW,Tottenham,2005.0,11,9,739,8.2,2,1,3,1,1,1,1,0,2.3,1.5,1.5,3.0,22,19,60,0.24,0.12,0.37,0.12,0.24,0.28,0.19,0.47,0.18,0.37,20.0
502,Kenny Tete,nl NED,DF,Fulham,1995.0,20,19,1594,17.7,0,2,2,0,0,0,4,0,1.2,1.2,0.9,2.2,33,55,49,0.0,0.11,0.11,0.0,0.11,0.07,0.05,0.12,0.07,0.12,29.0
503,Thiago,br BRA,FW,Brentford,2001.0,6,1,148,1.6,0,0,0,0,0,0,0,0,0.1,0.1,0.1,0.2,3,3,5,0.0,0.0,0.0,0.0,0.0,0.06,0.04,0.1,0.06,0.1,23.0
504,Luke Thomas,eng ENG,DF,Leicester City,2001.0,12,11,949,10.5,0,0,0,0,0,0,2,0,0.4,0.4,0.4,0.8,4,33,15,0.0,0.0,0.0,0.0,0.0,0.03,0.04,0.08,0.03,0.08,23.0
505,Youri Tielemans,be BEL,MF,Aston Villa,1997.0,35,35,2997,33.3,3,7,10,3,0,1,4,0,3.1,2.3,6.9,9.2,39,234,48,0.09,0.21,0.3,0.09,0.3,0.09,0.21,0.3,0.07,0.28,28.0
506,Kieran Tierney,sct SCO,"DF,FW",Arsenal,1997.0,11,1,194,2.2,0,0,0,0,0,0,0,0,0.2,0.2,0.9,1.1,5,12,22,0.0,0.0,0.0,0.0,0.0,0.1,0.4,0.5,0.1,0.5,27.0
507,Jurriën Timber,nl NED,DF,Arsenal,2001.0,30,27,2417,26.9,1,3,4,1,0,0,7,0,1.2,1.2,0.8,2.1,57,146,104,0.04,0.11,0.15,0.04,0.15,0.05,0.03,0.08,0.05,0.08,23.0
508,Jean-Clair Todibo,fr FRA,DF,West Ham,1999.0,25,18,1646,18.3,0,0,0,0,0,0,2,0,0.2,0.2,0.0,0.2,9,35,5,0.0,0.0,0.0,0.0,0.0,0.01,0.0,0.01,0.01,0.01,25.0
509,Harry Toffolo,eng ENG,DF,Nott'ham Forest,1995.0,4,1,137,1.5,0,0,0,0,0,0,1,0,0.0,0.0,0.0,0.0,0,2,4,0.0,0.0,0.0,0.0,0.0,0.01,0.0,0.01,0.01,0.01,29.0
510,Takehiro Tomiyasu,jp JPN,DF,Arsenal,1998.0,1,0,7,0.1,0,0,0,0,0,0,0,0,0.2,0.2,0.0,0.2,0,1,0,0.0,0.0,0.0,0.0,0.0,2.37,0.0,2.37,2.37,2.37,26.0
511,Sandro Tonali,it ITA,MF,Newcastle Utd,2000.0,34,26,2450,27.2,4,2,6,4,0,0,5,0,4.3,4.3,1.4,5.8,33,117,49,0.15,0.07,0.22,0.15,0.22,0.16,0.05,0.21,0.16,0.21,25.0
512,Pau Torres,es ESP,DF,Aston Villa,1997.0,22,21,1840,20.4,0,0,0,0,0,0,1,0,0.5,0.5,0.1,0.6,33,77,4,0.0,0.0,0.0,0.0,0.0,0.03,0.0,0.03,0.03,0.03,28.0
513,Conor Townsend,eng ENG,DF,Ipswich Town,1993.0,6,3,335,3.7,0,1,1,0,0,0,1,0,0.0,0.0,0.7,0.7,2,8,13,0.0,0.27,0.27,0.0,0.27,0.01,0.18,0.18,0.01,0.18,32.0
514,Adama Traoré,es ESP,"FW,MF",Fulham,1996.0,34,16,1620,18.0,2,6,8,2,0,0,3,0,3.9,3.9,4.7,8.6,91,64,148,0.11,0.33,0.44,0.11,0.44,0.22,0.26,0.48,0.22,0.48,29.0
515,Boubacar Traoré,ml MLI,MF,Wolves,2001.0,1,0,1,0.0,0,0,0,0,0,0,0,0,0.0,0.0,0.0,0.0,0,0,0,0.0,0.0,0.0,0.0,0.0,0.0,0.0,0.0,0.0,0.0,23.0
516,Mark Travers,ie IRL,GK,Bournemouth,1999.0,5,5,450,5.0,0,0,0,0,0,0,0,0,0.0,0.0,0.0,0.0,0,0,0,0.0,0.0,0.0,0.0,0.0,0.0,0.0,0.0,0.0,0.0,25.0
517,Ryan Trevitt,eng ENG,MF,Brentford,2003.0,1,0,4,0.0,0,0,0,0,0,0,0,0,0.0,0.0,0.0,0.0,0,0,1,0.0,0.0,0.0,0.0,0.0,0.0,0.0,0.0,0.0,0.0,22.0
518,Kieran Trippier,eng ENG,DF,Newcastle Utd,1990.0,24,14,1281,14.2,0,3,3,0,0,0,1,0,0.1,0.1,1.3,1.3,25,111,53,0.0,0.21,0.21,0.0,0.21,0.01,0.09,0.09,0.01,0.09,34.0
519,Leandro Trossard,be BEL,FW,Arsenal,1994.0,36,27,2431,27.0,8,6,14,8,0,0,4,1,7.1,7.1,6.0,13.0,79,99,216,0.3,0.22,0.52,0.3,0.52,0.26,0.22,0.48,0.26,0.48,30.0
520,Kostas Tsimikas,gr GRE,DF,Liverpool,1996.0,17,8,747,8.3,0,1,1,0,0,0,2,0,0.4,0.4,2.1,2.5,16,71,42,0.0,0.12,0.12,0.0,0.12,0.05,0.26,0.3,0.05,0.3,29.0
521,Axel Tuanzebe,cd COD,DF,Ipswich Town,1997.0,20,18,1530,17.0,0,1,1,0,0,0,5,1,0.2,0.2,0.3,0.5,9,49,9,0.0,0.06,0.06,0.0,0.06,0.01,0.02,0.03,0.01,0.03,27.0
522,Destiny Udogie,it ITA,DF,Tottenham,2002.0,24,23,1834,20.4,0,1,1,0,0,0,2,0,0.3,0.3,1.5,1.8,54,120,93,0.0,0.05,0.05,0.0,0.05,0.01,0.07,0.09,0.01,0.09,22.0
523,Manuel Ugarte Ribeiro,uy URU,MF,Manchester Utd,2001.0,28,22,1764,19.6,1,2,3,1,0,0,10,0,1.0,1.0,1.1,2.1,16,60,20,0.05,0.1,0.15,0.05,0.15,0.05,0.06,0.11,0.05,0.11,24.0
524,Lesley Ugochukwu,fr FRA,MF,Southampton,2004.0,25,17,1570,17.4,1,1,2,1,0,0,7,0,0.9,0.9,1.0,1.9,29,49,20,0.06,0.06,0.11,0.06,0.11,0.05,0.06,0.11,0.05,0.11,21.0
525,Enes Ünal,tr TUR,"FW,MF",Bournemouth,1997.0,17,2,345,3.8,2,1,3,2,0,0,2,0,2.7,2.7,0.4,3.1,4,12,22,0.52,0.26,0.78,0.52,0.78,0.72,0.1,0.82,0.72,0.82,28.0
526,Virgil van Dijk,nl NED,DF,Liverpool,1991.0,36,36,3240,36.0,3,1,4,3,0,0,4,0,2.2,2.2,0.7,3.0,18,182,6,0.08,0.03,0.11,0.08,0.11,0.06,0.02,0.08,0.06,0.08,33.0
527,Jamie Vardy,eng ENG,FW,Leicester City,1987.0,34,34,2744,30.5,8,4,12,7,1,2,5,0,10.7,9.2,3.0,12.2,28,21,116,0.26,0.13,0.39,0.23,0.36,0.35,0.1,0.45,0.3,0.4,38.0
528,Renato Veiga,pt POR,"DF,MF",Chelsea,2003.0,7,1,181,2.0,0,0,0,0,0,0,2,0,0.1,0.1,0.0,0.1,4,7,3,0.0,0.0,0.0,0.0,0.0,0.07,0.0,0.07,0.07,0.07,21.0
529,Joël Veltman,nl NED,DF,Brighton,1992.0,20,19,1665,18.5,0,0,0,0,0,0,4,0,0.5,0.5,0.5,0.9,30,80,32,0.0,0.0,0.0,0.0,0.0,0.03,0.02,0.05,0.03,0.05,33.0
530,Micky van de Ven,nl NED,DF,Tottenham,2001.0,12,11,950,10.6,0,2,2,0,0,0,4,0,0.6,0.6,1.2,1.7,8,51,1,0.0,0.19,0.19,0.0,0.19,0.05,0.11,0.16,0.05,0.16,24.0
531,Bart Verbruggen,nl NED,GK,Brighton,2002.0,34,34,3060,34.0,0,1,1,0,0,0,5,0,0.0,0.0,0.0,0.0,0,2,0,0.0,0.03,0.03,0.0,0.03,0.0,0.0,0.0,0.0,0.0,22.0
532,Jannik Vestergaard,dk DEN,DF,Leicester City,1992.0,18,16,1391,15.5,0,0,0,0,0,0,5,0,0.1,0.1,0.1,0.2,3,32,2,0.0,0.0,0.0,0.0,0.0,0.01,0.01,0.01,0.01,0.01,32.0
533,Guglielmo Vicario,it ITA,GK,Tottenham,1996.0,23,23,2070,23.0,0,0,0,0,0,0,1,0,0.0,0.0,0.0,0.0,0,1,0,0.0,0.0,0.0,0.0,0.0,0.0,0.0,0.0,0.0,0.0,28.0
534,Carlos Vinícius,br BRA,"MF,FW",Fulham,1995.0,3,0,16,0.2,0,0,0,0,0,0,0,0,0.0,0.0,0.0,0.0,1,0,3,0.0,0.0,0.0,0.0,0.0,0.21,0.0,0.21,0.21,0.21,30.0
535,Kyle Walker,eng ENG,DF,Manchester City,1990.0,15,9,970,10.8,0,0,0,0,0,0,3,0,0.1,0.1,0.4,0.6,12,64,11,0.0,0.0,0.0,0.0,0.0,0.01,0.04,0.05,0.01,0.05,34.0
536,Kyle Walker-Peters,eng ENG,DF,Southampton,1997.0,33,33,2918,32.4,0,2,2,0,0,0,5,0,0.8,0.8,2.8,3.6,114,139,144,0.0,0.06,0.06,0.0,0.06,0.03,0.09,0.11,0.03,0.11,28.0
537,Christian Walton,eng ENG,GK,Ipswich Town,1995.0,6,6,540,6.0,0,0,0,0,0,0,0,0,0.0,0.0,0.0,0.0,0,0,0,0.0,0.0,0.0,0.0,0.0,0.0,0.0,0.0,0.0,0.0,29.0
538,Aaron Wan-Bissaka,eng ENG,DF,West Ham,1997.0,34,33,2974,33.0,2,4,6,2,0,0,1,0,1.2,1.2,3.5,4.7,105,135,154,0.06,0.12,0.18,0.06,0.18,0.04,0.11,0.14,0.04,0.14,27.0
539,Danny Ward,wls WAL,GK,Leicester City,1993.0,2,1,135,1.5,0,0,0,0,0,0,0,0,0.0,0.0,0.0,0.0,0,0,0,0.0,0.0,0.0,0.0,0.0,0.0,0.0,0.0,0.0,0.0,31.0
540,Joel Ward,eng ENG,DF,Crystal Palace,1989.0,1,0,1,0.0,0,0,0,0,0,0,0,0,0.0,0.0,0.0,0.0,0,0,0,0.0,0.0,0.0,0.0,0.0,0.0,0.0,0.0,0.0,0.0,35.0
541,James Ward-Prowse,eng ENG,MF,West Ham,1994.0,13,10,903,10.0,0,1,1,0,0,0,2,0,1.1,1.1,1.5,2.6,9,49,4,0.0,0.1,0.1,0.0,0.1,0.11,0.15,0.26,0.11,0.26,30.0
542,James Ward-Prowse,eng ENG,MF,Nott'ham Forest,1994.0,9,5,400,4.4,0,1,1,0,0,0,2,1,0.1,0.1,1.1,1.2,1,16,3,0.0,0.23,0.23,0.0,0.23,0.01,0.25,0.26,0.01,0.26,30.0
543,Ollie Watkins,eng ENG,FW,Aston Villa,1995.0,36,29,2423,26.9,16,7,23,14,2,2,2,0,15.1,13.5,3.0,16.6,54,29,152,0.59,0.26,0.85,0.52,0.78,0.56,0.11,0.67,0.5,0.62,29.0
544,Adam Webster,eng ENG,DF,Brighton,1995.0,12,9,707,7.9,0,0,0,0,0,0,0,0,0.0,0.0,0.5,0.5,7,41,2,0.0,0.0,0.0,0.0,0.0,0.0,0.06,0.07,0.0,0.07,30.0
545,Danny Welbeck,eng ENG,FW,Brighton,1990.0,29,23,2032,22.6,10,4,14,9,1,1,5,0,8.9,8.1,1.3,9.4,20,45,88,0.44,0.18,0.62,0.4,0.58,0.39,0.06,0.45,0.36,0.42,34.0
546,Welington,br BRA,"DF,MF",Southampton,2001.0,8,4,302,3.4,0,0,0,0,0,0,1,0,0.0,0.0,0.1,0.1,3,7,10,0.0,0.0,0.0,0.0,0.0,0.01,0.02,0.03,0.01,0.03,24.0
547,Timo Werner,de GER,"FW,MF",Tottenham,1996.0,18,4,516,5.7,0,3,3,0,0,0,0,0,1.0,1.0,2.5,3.5,42,30,89,0.0,0.52,0.52,0.0,0.52,0.17,0.44,0.61,0.17,0.61,29.0
548,Adam Wharton,eng ENG,MF,Crystal Palace,2004.0,20,16,1318,14.6,0,2,2,0,0,0,2,0,0.4,0.4,3.0,3.4,14,107,11,0.0,0.14,0.14,0.0,0.14,0.03,0.21,0.23,0.03,0.23,20.0
549,Ben White,eng ENG,DF,Arsenal,1997.0,15,11,1018,11.3,0,1,1,0,0,0,2,0,0.4,0.4,0.9,1.3,16,47,33,0.0,0.09,0.09,0.0,0.09,0.04,0.08,0.12,0.04,0.12,27.0
550,Mats Wieffer,nl NED,"MF,DF",Brighton,1999.0,23,8,835,9.3,1,3,4,1,0,0,6,0,0.7,0.7,1.5,2.2,18,55,18,0.11,0.32,0.43,0.11,0.43,0.08,0.16,0.24,0.08,0.24,25.0
551,Neco Williams,wls WAL,DF,Nott'ham Forest,2001.0,33,26,2414,26.8,1,3,4,1,0,0,7,0,2.3,2.3,1.5,3.8,65,85,95,0.04,0.11,0.15,0.04,0.15,0.09,0.06,0.14,0.09,0.14,24.0
552,Willian,br BRA,"FW,MF",Fulham,1988.0,10,2,257,2.9,0,0,0,0,0,0,0,0,0.3,0.3,0.5,0.8,11,40,33,0.0,0.0,0.0,0.0,0.0,0.1,0.18,0.28,0.1,0.28,36.0
553,Joe Willock,eng ENG,"MF,FW",Newcastle Utd,1999.0,30,11,1026,11.4,0,2,2,0,0,0,3,0,1.6,1.6,1.9,3.5,36,38,82,0.0,0.18,0.18,0.0,0.18,0.14,0.17,0.31,0.14,0.31,25.0
554,Callum Wilson,eng ENG,FW,Newcastle Utd,1992.0,16,1,286,3.2,0,0,0,0,0,0,1,0,0.4,0.4,0.1,0.4,5,3,12,0.0,0.0,0.0,0.0,0.0,0.12,0.02,0.14,0.12,0.14,33.0
555,Harry Wilson,wls WAL,"FW,MF",Fulham,1997.0,23,11,1077,12.0,5,1,6,5,0,0,2,0,4.0,4.0,1.1,5.1,18,49,89,0.42,0.08,0.5,0.42,0.5,0.34,0.09,0.43,0.34,0.43,28.0
556,Harry Winks,eng ENG,MF,Leicester City,1996.0,22,17,1538,17.1,0,2,2,0,0,0,4,0,0.2,0.2,1.2,1.5,19,101,11,0.0,0.12,0.12,0.0,0.12,0.01,0.07,0.09,0.01,0.09,29.0
557,Ben Winterburn,eng ENG,"FW,MF",Bournemouth,2004.0,3,0,23,0.3,0,0,0,0,0,0,0,0,0.0,0.0,0.0,0.0,2,0,2,0.0,0.0,0.0,0.0,0.0,0.0,0.0,0.0,0.0,0.0,20.0
558,Yoane Wissa,cd COD,FW,Brentford,1996.0,33,32,2739,30.4,18,3,21,18,0,0,3,0,17.0,17.0,1.9,18.9,54,61,139,0.59,0.1,0.69,0.59,0.69,0.56,0.06,0.62,0.56,0.62,28.0
559,Chris Wood,nz NZL,FW,Nott'ham Forest,1991.0,34,33,2779,30.9,20,3,23,17,3,3,1,0,12.3,10.0,2.5,12.5,14,36,88,0.65,0.1,0.74,0.55,0.65,0.4,0.08,0.48,0.32,0.4,33.0
560,Nathan Wood-Gordon,eng ENG,DF,Southampton,2002.0,9,7,624,6.9,0,0,0,0,0,0,2,0,0.2,0.2,0.0,0.3,2,17,0,0.0,0.0,0.0,0.0,0.0,0.03,0.0,0.04,0.03,0.04,22.0
561,Luke Woolfenden,eng ENG,DF,Ipswich Town,1998.0,15,12,1187,13.2,0,0,0,0,0,0,2,0,0.0,0.0,0.0,0.0,7,15,0,0.0,0.0,0.0,0.0,0.0,0.0,0.0,0.0,0.0,0.0,26.0
562,Yehor Yarmoliuk,ua UKR,MF,Brentford,2004.0,29,13,1286,14.3,0,0,0,0,0,0,6,0,0.6,0.6,0.9,1.5,15,57,46,0.0,0.0,0.0,0.0,0.0,0.04,0.06,0.1,0.04,0.1,21.0
563,Ryan Yates,eng ENG,MF,Nott'ham Forest,1997.0,33,18,1891,21.0,2,1,3,2,0,0,10,0,2.3,2.3,1.2,3.5,17,48,15,0.1,0.05,0.14,0.1,0.14,0.11,0.06,0.16,0.11,0.16,27.0
564,Leny Yoro,fr FRA,DF,Manchester Utd,2005.0,21,12,1165,12.9,0,0,0,0,0,0,5,0,0.7,0.7,0.1,0.8,19,52,4,0.0,0.0,0.0,0.0,0.0,0.05,0.01,0.06,0.05,0.06,19.0
565,Ashley Young,eng ENG,"DF,FW",Everton,1985.0,30,18,1712,19.0,1,3,4,1,0,0,6,1,0.3,0.3,2.1,2.3,21,85,29,0.05,0.16,0.21,0.05,0.21,0.01,0.11,0.12,0.01,0.12,39.0
566,Illia Zabarnyi,ua UKR,DF,Bournemouth,2002.0,34,33,2929,32.5,0,0,0,0,0,0,4,1,1.1,1.1,0.6,1.6,26,129,4,0.0,0.0,0.0,0.0,0.0,0.03,0.02,0.05,0.03,0.05,22.0
567,Oleksandr Zinchenko,ua UKR,"DF,MF",Arsenal,1996.0,14,4,458,5.1,0,1,1,0,0,0,1,0,0.3,0.3,0.1,0.4,10,37,12,0.0,0.2,0.2,0.0,0.2,0.05,0.03,0.08,0.05,0.08,28.0
568,Joshua Zirkzee,nl NED,"FW,MF",Manchester Utd,2001.0,32,14,1402,15.6,3,1,4,3,0,0,2,0,4.8,4.8,1.5,6.3,14,44,69,0.19,0.06,0.26,0.19,0.26,0.31,0.1,0.41,0.31,0.41,23.0
569,Martin Ødegaard,no NOR,MF,Arsenal,1998.0,28,25,2220,24.7,2,7,9,1,1,1,4,0,4.7,3.9,5.3,9.2,89,250,146,0.08,0.28,0.36,0.04,0.32,0.19,0.21,0.41,0.16,0.37,26.0
